,ID урока,Дата старта урока,Роль пользователя,Текст сообщения,Дата сообщения,Разметка
1,352174,2024-03-02 12:50:24,user,z dfc yt cksie,2024-03-02 13:02:49,15
2,352174,2024-03-02 12:50:24,user,gjxtve nj,2024-03-02 13:02:50,15
3,352174,2024-03-02 12:50:24,user,окей; 2024-03-02T13:03:16.429Z,2024-03-02 13:03:16,12
6,352174,2024-03-02 12:50:24,user,браузер,2024-03-02 13:06:44,12
7,352174,2024-03-02 12:50:24,user,и поисковая система,2024-03-02 13:06:48,12
8,352174,2024-03-02 12:50:24,user,в торе он используется,2024-03-02 13:07:16,12
9,352174,2024-03-02 12:50:24,user,не надо меня спрашивать откуда я это знаю,2024-03-02 13:07:32,12
10,352174,2024-03-02 12:50:24,user,ну вооьще хотелось,2024-03-02 13:08:01,12
11,352174,2024-03-02 12:50:24,user,спросить,2024-03-02 13:08:07,12
12,352174,2024-03-02 12:50:24,user,"а нет, всё, уже сам сделал",2024-03-02 13:08:58,12
13,352174,2024-03-02 12:50:24,user,выдра,2024-03-02 13:12:20,15
14,352174,2024-03-02 12:50:24,user,я все таки пришел,2024-03-02 13:12:58,15
15,352174,2024-03-02 12:50:24,user,это выдрочка?,2024-03-02 13:13:02,16
16,352174,2024-03-02 12:50:24,user,я к тете пришел,2024-03-02 13:13:04,15
17,352174,2024-03-02 12:50:24,user,фласк,2024-03-02 13:14:38,15
18,352174,2024-03-02 12:50:24,user,катя,2024-03-02 13:14:49,15
19,352174,2024-03-02 12:50:24,user,пайгейм,2024-03-02 13:14:55,15
20,352174,2024-03-02 12:50:24,user,АААААААААААААААААААААААААААААААААААААААААААААААААААААААААААААААААААААААААААААААААААААААААААААААААААААААААААААААААААААААААААААААААААААААААААААААААААААААААААААААААААААААААААААААААААААААААААААААААААААААААААААААААААААААААААААААААА,2024-03-02 13:15:28,15
21,352174,2024-03-02 12:50:24,user,кто зашел +,2024-03-02 13:17:30,15
22,352174,2024-03-02 12:50:24,user,я зошол,2024-03-02 13:18:11,15
23,352174,2024-03-02 12:50:24,user,"ааа я не зашел,я думал что вы имели в виду про конференцию",2024-03-02 13:19:05,15
24,352174,2024-03-02 12:50:24,user,2 100%,2024-03-02 13:19:28,15
25,352174,2024-03-02 12:50:24,user,"я могу только посмотреть конференцию,работать не смогу",2024-03-02 13:19:41,15
26,352174,2024-03-02 12:50:24,user,он нарисован; 2024-03-02T13:20:35.527Z,2024-03-02 13:20:35,12
27,352174,2024-03-02 12:50:24,user,я уже шёл из кода строку воровать,2024-03-02 13:24:39,12
28,352174,2024-03-02 12:50:24,user,он есть,2024-03-02 13:24:59,12
29,352174,2024-03-02 12:50:24,user,но уже поздно,2024-03-02 13:25:08,12
30,352174,2024-03-02 12:50:24,user,молодцы,2024-03-02 13:25:22,12
33,352174,2024-03-02 12:50:24,user,мне chatgpt4 в кодеиуме наконец-то дали,2024-03-02 13:28:21,12
34,352174,2024-03-02 12:50:24,user,бету,2024-03-02 13:28:30,12
36,352174,2024-03-02 12:50:24,user,там не только,2024-03-02 13:40:31,12
37,352174,2024-03-02 12:50:24,user,функция не работает,2024-03-02 13:47:28,12
42,352174,2024-03-02 12:50:24,user,спасибоб ро),2024-03-02 13:59:17,14
43,352174,2024-03-02 12:50:24,user,бро*,2024-03-02 13:59:20,12
44,352174,2024-03-02 12:50:24,user,бот повторяет,2024-03-02 13:59:26,12
46,352174,2024-03-02 12:50:24,user,кода,2024-03-02 13:59:58,12
49,352174,2024-03-02 12:50:24,user,название поменяй только,2024-03-02 14:00:32,12
52,352174,2024-03-02 12:50:24,user,В ПРОЦЕССЕ,2024-03-02 14:03:02,12
53,352174,2024-03-02 12:50:24,user,сейчас делаю его,2024-03-02 14:03:16,12
57,352174,2024-03-02 12:50:24,user,я отходил просто),2024-03-02 14:08:09,12
58,352174,2024-03-02 12:50:24,user,бот все повторяет,2024-03-02 14:08:29,12
59,352174,2024-03-02 12:50:24,user,year,2024-03-02 14:08:47,12
60,352174,2024-03-02 12:50:24,user,а я забыл /,2024-03-02 14:08:59,12
61,352174,2024-03-02 12:50:24,user,бедни,2024-03-02 14:18:24,12
62,352174,2024-03-02 12:50:24,user,плохой антивирус,2024-03-02 14:25:34,12
63,352174,2024-03-02 12:50:24,user,у меня он 1 раз  у себа сам 8удалил,2024-03-02 14:25:59,12
64,352174,2024-03-02 12:50:24,user,меня*,2024-03-02 14:26:09,12
65,352174,2024-03-02 12:50:24,user,ну типо себа на меня,2024-03-02 14:26:34,12
66,352174,2024-03-02 12:50:24,user,360 total security,2024-03-02 14:26:48,12
68,352174,2024-03-02 12:50:24,user,"bv,f",2024-03-02 14:28:13,12
69,352174,2024-03-02 12:50:24,user,ответьте пожалуйста,2024-03-02 14:28:35,12
70,352174,2024-03-02 12:50:24,user,скоро,2024-03-02 14:28:53,12
73,352174,2024-03-02 12:50:24,user,я уже написал),2024-03-02 14:44:03,12
75,352174,2024-03-02 12:50:24,user,до свидания!; 2024-03-02T14:49:14.338Z,2024-03-02 14:49:14,20
77,352174,2024-03-02 12:50:24,user,до свидания; 2024-03-02T14:49:27.210Z,2024-03-02 14:49:27,20
79,352174,2024-03-02 12:50:24,user,до свидания!; 2024-03-02T14:49:48.937Z,2024-03-02 14:49:48,20
81,352174,2024-03-02 12:50:24,user,досвидания; 2024-03-02T14:50:33.076Z,2024-03-02 14:50:33,20
82,352174,2024-03-02 12:50:24,user,он должен работать весь день из-за pythonanywhre,2024-03-02 14:50:45,12
83,352174,2024-03-02 12:50:24,user,до свидания; 2024-03-02T14:50:48.883Z,2024-03-02 14:50:48,20
84,361404,2024-03-16 14:51:35,user,я перывй,2024-03-16 14:51:42,15
87,361404,2024-03-16 14:51:35,user,кому то лень пк запускать),2024-03-16 15:09:00,12
88,361404,2024-03-16 14:51:35,user,его не будет; 2024-03-16T15:09:07.602Z,2024-03-16 15:09:07,12
89,361404,2024-03-16 14:51:35,user,ели приполз,2024-03-16 15:09:14,12
90,361404,2024-03-16 14:51:35,user,"мне тож, но он в спящем был",2024-03-16 15:09:22,12
92,361404,2024-03-16 14:51:35,user,а то меня 3 урока не было),2024-03-16 15:09:36,12
93,361404,2024-03-16 14:51:35,user,я компом хотел заниматься,2024-03-16 15:09:36,12
94,361404,2024-03-16 14:51:35,user,корпус новый купил,2024-03-16 15:09:46,12
95,361404,2024-03-16 14:51:35,user,я код вообще писал,2024-03-16 15:09:49,12
96,361404,2024-03-16 14:51:35,user,я трасировку сделал,2024-03-16 15:09:58,12
98,361404,2024-03-16 14:51:35,user,вот 1 часть),2024-03-16 15:10:15,12
100,361404,2024-03-16 14:51:35,user,впадлу в 1 переносить все,2024-03-16 15:10:52,12
101,361404,2024-03-16 14:51:35,user,ххаххаап,2024-03-16 15:11:29,13
102,361404,2024-03-16 14:51:35,user,хахахахахахахахаххахаха,2024-03-16 15:11:38,13
104,361404,2024-03-16 14:51:35,user,ХАХАХАХАХАХАХАХАХАЦ,2024-03-16 15:11:43,13
105,361404,2024-03-16 14:51:35,user,нафиг мы тут сидим?),2024-03-16 15:11:50,16
106,361404,2024-03-16 14:51:35,user,хахахахахахахахахахаха,2024-03-16 15:11:52,13
107,361404,2024-03-16 14:51:35,user,хахахахахахахахахахахахахаха,2024-03-16 15:12:04,13
108,361404,2024-03-16 14:51:35,user,блять,2024-03-16 15:12:10,16
109,361404,2024-03-16 14:51:35,user,нате я хз,2024-03-16 15:12:17,16
110,361404,2024-03-16 14:51:35,user,я гулять мог идти,2024-03-16 15:12:21,16
111,361404,2024-03-16 14:51:35,user,вот я ваш препод,2024-03-16 15:12:35,15
112,361404,2024-03-16 14:51:35,user,чему вас учить?),2024-03-16 15:12:42,15
113,361404,2024-03-16 14:51:35,user,кто со мной в let for ded,2024-03-16 15:12:46,15
114,361404,2024-03-16 14:51:35,user,payday2; 2024-03-16T15:12:52.091Z,2024-03-16 15:12:52,15
115,361404,2024-03-16 14:51:35,user,демку чек,2024-03-16 15:12:56,15
116,361404,2024-03-16 14:51:35,user,я пас; 2024-03-16T15:12:58.613Z,2024-03-16 15:12:58,15
117,376424,2024-03-19 15:51:00,user,здарова!,2024-03-19 15:56:58,1
118,376424,2024-03-19 15:51:00,user,inte,2024-03-19 16:20:35,15
119,376424,2024-03-19 15:51:00,user,in,2024-03-19 16:20:47,15
120,376424,2024-03-19 15:51:00,user,biom; 2024-03-19T16:21:45.450Z,2024-03-19 16:21:45,15
121,376424,2024-03-19 15:51:00,user,xyz,2024-03-19 16:22:25,15
125,376424,2024-03-19 15:51:00,user,"UMP,TAL",2024-03-19 17:31:55,15
126,376424,2024-03-19 15:51:00,user,GJR; 2024-03-19T17:34:37.230Z,2024-03-19 17:34:37,15
127,386141,2024-03-24 11:37:00,user,больше 5 чем 6,2024-03-24 12:02:06,15
128,386141,2024-03-24 11:37:00,user,5 6 1,2024-03-24 12:02:07,15
129,386141,2024-03-24 11:37:00,user,у меня ещё курс по нему есть который я полгода не трогал,2024-03-24 12:03:17,15
130,386141,2024-03-24 11:37:00,user,Которые не сделаны государством,2024-03-24 12:07:30,15
132,386141,2024-03-24 11:37:00,user,мама  я програмист),2024-03-24 12:17:45,12
134,386141,2024-03-24 11:37:00,user,nbg ljrevtyf,2024-03-24 12:20:05,15
135,386141,2024-03-24 11:37:00,user,cnbkm ljrevtynf,2024-03-24 12:20:08,15
136,386141,2024-03-24 11:37:00,user,стиль документа,2024-03-24 12:20:16,12
137,386141,2024-03-24 11:37:00,user,Бывало такое,2024-03-24 12:23:27,12
138,386141,2024-03-24 11:37:00,user,пока нет -,2024-03-24 12:24:33,12
140,386141,2024-03-24 11:37:00,user,меньше,2024-03-24 12:28:31,12
141,386141,2024-03-24 11:37:00,user,"Текст меньше, чем больше цифра",2024-03-24 12:28:40,12
142,386141,2024-03-24 11:37:00,user,он нужен для корпораций чтоб сказать чтоб вы квартиру еще продали,2024-03-24 12:31:40,12
143,386141,2024-03-24 11:37:00,user,"В договорах мелкий текст, который самый важный можно писать H6",2024-03-24 12:31:41,12
145,386141,2024-03-24 11:37:00,user,я только отдохнул,2024-03-24 12:32:44,12
147,386141,2024-03-24 11:37:00,user,b sup sub q,2024-03-24 12:35:12,12
148,386141,2024-03-24 11:37:00,user,"pre,code,sup",2024-03-24 12:35:16,12
151,386141,2024-03-24 11:37:00,user,- п,2024-03-24 12:40:58,15
152,386141,2024-03-24 11:37:00,user,я кушать пойду,2024-03-24 12:41:12,15
154,386141,2024-03-24 11:37:00,user,ну так меня иска называют,2024-03-24 13:14:47,15
155,386141,2024-03-24 11:37:00,user,друщья,2024-03-24 13:14:51,12
156,386141,2024-03-24 11:37:00,user,И(сюда ударение)ска,2024-03-24 13:15:25,12
160,386141,2024-03-24 11:37:00,user,по факту сайт и язык,2024-03-24 13:21:46,12
163,386141,2024-03-24 11:37:00,user,для всего,2024-03-24 13:22:22,12
166,386141,2024-03-24 11:37:00,user,img src,2024-03-24 13:22:55,12
167,386141,2024-03-24 11:37:00,user,амг,2024-03-24 13:23:02,12
168,386141,2024-03-24 11:37:00,user,нет; 2024-03-24T13:23:55.940Z,2024-03-24 13:23:55,12
170,386141,2024-03-24 11:37:00,user,до свидания; 2024-03-24T13:24:32.095Z,2024-03-24 13:24:32,20
171,386141,2024-03-24 11:37:00,user,до свидания!; 2024-03-24T13:25:00.612Z,2024-03-24 13:25:00,20
172,386141,2024-03-24 11:37:00,user,До свидания; 2024-03-24T13:25:04.651Z,2024-03-24 13:25:04,20
173,394543,2024-03-27 14:52:15,user,я успела только для телефона,2024-03-27 15:08:49,12
174,394543,2024-03-27 14:52:15,user,у меня по этому поводу все ок,2024-03-27 15:08:58,12
175,394543,2024-03-27 14:52:15,user,еще мы делали картинку лучший дизайнер и заказать у его дизайн,2024-03-27 15:52:57,12
176,394543,2024-03-27 14:52:15,user,тоже сайт думаю,2024-03-27 15:53:07,12
182,394543,2024-03-27 14:52:15,user,не уверенна,2024-03-27 16:07:53,12
185,394543,2024-03-27 14:52:15,user,хорошо; 2024-03-27T16:22:58.522Z,2024-03-27 16:22:58,13
186,394543,2024-03-27 14:52:15,user,презентацию мы делаем в случае того что бы прорекламировать либо предсьавить определённую информацию,2024-03-27 16:24:44,12
187,394543,2024-03-27 14:52:15,user,всегда понадобится; 2024-03-27T16:25:03.710Z,2024-03-27 16:25:03,12
188,394543,2024-03-27 14:52:15,user,нету; 2024-03-27T16:26:33.135Z,2024-03-27 16:26:33,12
190,395169,2024-03-16 14:49:33,user,шумоподовление можно было включить,2024-03-16 15:03:12,12
191,395169,2024-03-16 14:49:33,user,наверху ещё название урока,2024-03-16 15:03:34,12
192,395169,2024-03-16 14:49:33,user,на гб,2024-03-16 15:03:37,12
193,395169,2024-03-16 14:49:33,user,когда входил,2024-03-16 15:03:53,15
194,395169,2024-03-16 14:49:33,user,"ржаной, когда свежий",2024-03-16 15:07:06,15
195,395169,2024-03-16 14:49:33,user,прямо сейчас ржаной ем,2024-03-16 15:08:34,15
196,395169,2024-03-16 14:49:33,user,извините за опоздаие,2024-03-16 15:08:57,15
197,395169,2024-03-16 14:49:33,user,с пылу с жару,2024-03-16 15:08:59,12
198,395169,2024-03-16 14:49:33,user,когда только испекли,2024-03-16 15:09:04,15
199,395169,2024-03-16 14:49:33,user,в перекрестке,2024-03-16 15:09:14,15
200,395169,2024-03-16 14:49:33,user,пекарня,2024-03-16 15:09:17,15
201,395169,2024-03-16 14:49:33,user,так и есть,2024-03-16 15:09:28,15
202,395169,2024-03-16 14:49:33,user,я на рандом 1 угадал,2024-03-16 15:12:29,15
203,395169,2024-03-16 14:49:33,user,там 13 урок написанно,2024-03-16 15:13:46,12
204,395169,2024-03-16 14:49:33,user,подолждитее,2024-03-16 15:15:14,12
207,395169,2024-03-16 14:49:33,user,каждый урок пк меняю,2024-03-16 15:17:49,15
208,395169,2024-03-16 14:49:33,user,почти каждый урок,2024-03-16 15:17:56,15
209,395169,2024-03-16 14:49:33,user,да нееееет,2024-03-16 15:18:07,15
210,395169,2024-03-16 14:49:33,user,чигоооо,2024-03-16 15:18:11,15
211,395169,2024-03-16 14:49:33,user,3 пк у меня,2024-03-16 15:18:15,15
212,395169,2024-03-16 14:49:33,user,ноут,2024-03-16 15:18:20,15
213,395169,2024-03-16 14:49:33,user,чигооо,2024-03-16 15:18:22,15
214,395169,2024-03-16 14:49:33,user,и пк,2024-03-16 15:18:26,15
215,395169,2024-03-16 14:49:33,user,1 в другом городе,2024-03-16 15:18:41,15
216,395169,2024-03-16 14:49:33,user,сууууууууууу,2024-03-16 15:19:43,15
218,395169,2024-03-16 14:49:33,user,пожалуйса,2024-03-16 15:20:41,12
219,395169,2024-03-16 14:49:33,user,пожалуйста*,2024-03-16 15:20:50,12
220,395169,2024-03-16 14:49:33,user,если прижмуриться,2024-03-16 15:20:55,12
221,395169,2024-03-16 14:49:33,user,то да,2024-03-16 15:20:58,12
223,395169,2024-03-16 14:49:33,user,вы зарисовали,2024-03-16 15:42:00,12
224,395169,2024-03-16 14:49:33,user,зарисовали,2024-03-16 15:42:19,12
227,395169,2024-03-16 14:49:33,user,я сфоткаю,2024-03-16 15:53:18,12
228,395169,2024-03-16 14:49:33,user,сразу там есть,2024-03-16 15:53:23,12
229,395169,2024-03-16 14:49:33,user,спвсибо,2024-03-16 15:53:45,12
230,395169,2024-03-16 14:49:33,user,я код исправляю,2024-03-16 16:03:15,12
231,395169,2024-03-16 14:49:33,user,я поесть успел,2024-03-16 16:03:15,15
233,395169,2024-03-16 14:49:33,user,я так написал,2024-03-16 16:08:00,12
235,395169,2024-03-16 14:49:33,user,ф?,2024-03-16 16:27:21,15
237,395169,2024-03-16 14:49:33,user,сууууу,2024-03-16 16:28:10,15
238,395169,2024-03-16 14:49:33,user,дисплей,2024-03-16 16:28:53,15
239,395169,2024-03-16 14:49:33,user,что то было,2024-03-16 16:28:59,12
240,395169,2024-03-16 14:49:33,user,1да 2да 3 да/нет 50 на 50 1 на 1 не знаю ваще,2024-03-16 16:31:50,12
241,395169,2024-03-16 14:49:33,user,"да, 50/50; да",2024-03-16 16:33:16,12
242,395169,2024-03-16 14:49:33,user,до свидания; 2024-03-16T16:33:16.080Z,2024-03-16 16:33:16,20
243,395169,2024-03-16 14:49:33,user,до свидания спасибо за урок; 2024-03-16T16:33:19.634Z,2024-03-16 16:33:19,20
244,395169,2024-03-16 14:49:33,user,"Спасибо, досвидания; 2024-03-16T16:33:37.773Z",2024-03-16 16:33:37,20
245,395169,2024-03-16 14:49:33,user,спасибо за урок; 2024-03-16T16:33:40.222Z,2024-03-16 16:33:40,20
247,399416,2024-03-17 11:52:09,user,привет скоро начанаим,2024-03-17 11:59:31,1
248,399416,2024-03-17 11:52:09,user,чёрт,2024-03-17 12:02:16,16
249,399416,2024-03-17 11:52:09,user,иииииииииииииииииииииииииииииииииииииииииииииииииииииииииииппппппппппппппппппппппппппппппппппппппппппппппппппппппппппппппппппппппппппрппрпрпрпрп,2024-03-17 12:02:57,15
250,399416,2024-03-17 11:52:09,user,1212222222222222222222222222222222222222222222222222222222222222222222222222222222222222222222222222222222222222222222222222222222222222222222222222222222222222222+1; 2024-03-17T12:03:12.118Z,2024-03-17 12:03:12,15
251,399416,2024-03-17 11:52:09,user,x y z,2024-03-17 12:07:49,12
252,399416,2024-03-17 11:52:09,user,почему я написал да\,2024-03-17 12:14:33,12
253,399416,2024-03-17 11:52:09,user,X Y; 2024-03-17T12:22:00.645Z,2024-03-17 12:22:00,12
254,399416,2024-03-17 11:52:09,user,x-100 y100,2024-03-17 12:23:07,12
255,399416,2024-03-17 11:52:09,user,ты со мна,2024-03-17 12:29:53,12
256,399416,2024-03-17 11:52:09,user,ты со мной играеш,2024-03-17 12:30:15,12
257,399416,2024-03-17 11:52:09,user,да; 2024-03-17T13:06:59.598Z,2024-03-17 13:06:59,12
258,400149,2024-03-10 11:51:22,user,5; 2024-03-10T12:00:58.700Z,2024-03-10 12:00:58,12
259,400149,2024-03-10 11:51:22,user,это картина,2024-03-10 12:05:56,12
260,400149,2024-03-10 11:51:22,user,созданая в интернете,2024-03-10 12:06:03,12
262,400149,2024-03-10 11:51:22,user,базовые три цвета,2024-03-10 12:15:42,12
263,400149,2024-03-10 11:51:22,user,облака,2024-03-10 12:15:59,12
264,400149,2024-03-10 11:51:22,user,дом небо,2024-03-10 12:16:07,12
265,400149,2024-03-10 11:51:22,user,речка хорошая,2024-03-10 12:16:18,12
266,400149,2024-03-10 11:51:22,user,движения есть,2024-03-10 12:16:22,12
267,400149,2024-03-10 11:51:22,user,мультяшный; 2024-03-10T12:17:03.419Z,2024-03-10 12:17:03,12
268,400149,2024-03-10 11:51:22,user,неон привлекает внимания,2024-03-10 12:17:22,12
269,400149,2024-03-10 11:51:22,user,это свет,2024-03-10 12:17:49,12
270,400149,2024-03-10 11:51:22,user,река,2024-03-10 12:18:15,12
271,400149,2024-03-10 11:51:22,user,речка,2024-03-10 12:18:15,12
272,400149,2024-03-10 11:51:22,user,ну может горы,2024-03-10 12:18:42,12
273,400149,2024-03-10 11:51:22,user,венегред,2024-03-10 12:19:34,12
274,400149,2024-03-10 11:51:22,user,да; 2024-03-10T12:20:00.019Z,2024-03-10 12:20:00,12
275,400149,2024-03-10 11:51:22,user,очень много,2024-03-10 12:20:10,12
282,400149,2024-03-10 11:51:22,user,и я с вами тут,2024-03-10 12:58:09,12
285,400149,2024-03-10 11:51:22,user,ок; 2024-03-10T13:18:37.257Z,2024-03-10 13:18:37,12
286,401941,2024-03-10 13:50:21,user,дратути всем,2024-03-10 13:52:15,1
287,401941,2024-03-10 13:50:21,user,норм :0,2024-03-10 13:53:37,13
288,401941,2024-03-10 13:50:21,user,*всем,2024-03-10 13:55:05,12
289,401941,2024-03-10 13:50:21,user,Сарач у тебя микро включен,2024-03-10 13:55:52,12
290,401941,2024-03-10 13:50:21,user,аа да?,2024-03-10 13:56:05,12
291,401941,2024-03-10 13:50:21,user,теперь нет ),2024-03-10 13:56:12,12
294,401941,2024-03-10 13:50:21,user,ура роблокс,2024-03-10 13:59:50,15
295,401941,2024-03-10 13:50:21,user,кто в бравл играет может вместе?,2024-03-10 14:00:29,15
296,401941,2024-03-10 13:50:21,user,кстати с 8 марта всех девочек!,2024-03-10 14:01:58,13
301,401941,2024-03-10 13:50:21,user,5; 2024-03-10T14:13:50.230Z,2024-03-10 14:13:50,12
302,401941,2024-03-10 13:50:21,user,6 на иноплонетянина похожа была,2024-03-10 14:14:38,15
303,401941,2024-03-10 13:50:21,user,Я когда-то на своего кота надел кожурку от дыни,2024-03-10 14:14:48,15
304,401941,2024-03-10 13:50:21,user,хвааааааааахахахахахахахаха,2024-03-10 14:14:57,13
305,401941,2024-03-10 13:50:21,user,"да, ну я аккуратно",2024-03-10 14:15:00,12
306,401941,2024-03-10 13:50:21,user,на одном,2024-03-10 14:17:54,12
307,401941,2024-03-10 13:50:21,user,мне кажется он забагался а не вы все,2024-03-10 14:18:15,15
308,401941,2024-03-10 13:50:21,user,питерр!!!,2024-03-10 14:18:55,12
309,401941,2024-03-10 13:50:21,user,face id,2024-03-10 14:19:16,12
310,401941,2024-03-10 13:50:21,user,"Это казахстан, там в здании, если приглядется, то меня можно увидеть",2024-03-10 14:19:26,15
311,401941,2024-03-10 13:50:21,user,датчик движения,2024-03-10 14:20:15,12
312,401941,2024-03-10 13:50:21,user,можно ещё нейроку на распознавание объектов,2024-03-10 14:20:33,12
314,401941,2024-03-10 13:50:21,user,делае приложения,2024-03-10 14:23:05,12
315,401941,2024-03-10 13:50:21,user,я верю,2024-03-10 14:24:03,12
316,401941,2024-03-10 13:50:21,user,здэс,2024-03-10 14:28:08,12
320,401941,2024-03-10 13:50:21,user,кто из казахстана?,2024-03-10 14:32:30,15
321,401941,2024-03-10 13:50:21,user,я из эстонии,2024-03-10 14:33:11,15
322,401941,2024-03-10 13:50:21,user,приложение ваще ''топ'',2024-03-10 14:34:58,16
323,401941,2024-03-10 13:50:21,user,wt,2024-03-10 14:42:44,16
325,401941,2024-03-10 13:50:21,user,"Я щас включу музыку, скажите, вы оглохли от громкости или нет? оке?",2024-03-10 14:49:04,15
326,401941,2024-03-10 13:50:21,user,HIK?,2024-03-10 14:49:09,15
327,401941,2024-03-10 13:50:21,user,меня стример с76 тыс. подписчиков рикламирует,2024-03-10 14:49:31,15
329,401941,2024-03-10 13:50:21,user,говорю вы оглохли от музыки или нет,2024-03-10 14:50:16,15
330,401941,2024-03-10 13:50:21,user,или вообще не было слышно,2024-03-10 14:50:25,15
331,401941,2024-03-10 13:50:21,user,BeamNGDRIve,2024-03-10 14:54:27,15
332,401941,2024-03-10 13:50:21,user,"прикольно, ААА КУДА ЗАНЕСЛО",2024-03-10 14:54:45,15
333,401941,2024-03-10 13:50:21,user,как ты его скачал ?,2024-03-10 14:54:51,15
334,401941,2024-03-10 13:50:21,user,через торрент?; 2024-03-10T14:55:04.948Z,2024-03-10 14:55:04,15
335,401941,2024-03-10 13:50:21,user,через дискорд может,2024-03-10 14:55:09,15
337,401941,2024-03-10 13:50:21,user,а да что?,2024-03-10 15:18:46,12
338,401941,2024-03-10 13:50:21,user,да; 2024-03-10T15:18:53.007Z,2024-03-10 15:18:53,12
339,401941,2024-03-10 13:50:21,user,bye; 2024-03-10T15:30:58.455Z,2024-03-10 15:30:58,20
340,406911,2024-03-01 16:50:57,user,всем привет ),2024-03-01 16:59:17,1
343,406911,2024-03-01 16:50:57,user,бээээээээээм,2024-03-01 17:04:37,12
345,406911,2024-03-01 16:50:57,user,хотим в Яндекс-)))),2024-03-01 17:07:55,12
346,406911,2024-03-01 16:50:57,user,крупнее,2024-03-01 17:10:04,12
347,406911,2024-03-01 16:50:57,user,ок; 2024-03-01T17:10:15.596Z,2024-03-01 17:10:15,12
348,406911,2024-03-01 16:50:57,user,на 17 строке,2024-03-01 17:16:38,12
350,406911,2024-03-01 16:50:57,user,для стилизации табличек,2024-03-01 17:31:52,12
353,406911,2024-03-01 16:50:57,user,"код html css с 1 задачи, я отвлекался",2024-03-01 17:42:30,12
355,406911,2024-03-01 16:50:57,user,на чистый css после scss я не ногой,2024-03-01 17:57:34,12
357,406911,2024-03-01 16:50:57,user,Дело привычки,2024-03-01 18:15:07,12
358,406911,2024-03-01 16:50:57,user,на своей практике заметил что приходится писать такие запросы от 768 до 900,2024-03-01 18:15:21,12
361,406911,2024-03-01 16:50:57,user,Спасибо большое ),2024-03-01 18:19:14,14
363,406911,2024-03-01 16:50:57,user,в корзине,2024-03-01 18:24:36,12
364,406911,2024-03-01 16:50:57,user,чтобы html не нагромождать,2024-03-01 18:27:38,12
366,406911,2024-03-01 16:50:57,user,number,2024-03-01 18:30:52,12
369,406911,2024-03-01 16:50:57,user,Live Sass Compiler; 2024-03-01T18:36:55.943Z,2024-03-01 18:36:55,12
371,406911,2024-03-01 16:50:57,user,Творческий подход хD,2024-03-01 18:53:36,12
372,406911,2024-03-01 16:50:57,user,"Добавлять только основным блокам, а родительскому не надо) у которого бэкграунд задан; 2024-03-01T18:56:52.378Z",2024-03-01 18:56:52,12
374,352174,2024-03-02 12:50:24,,Это старая была,2024-03-02 14:01:40,12
375,352174,2024-03-02 12:50:24,,Это фича была инба,2024-03-02 13:26:15,12
377,417850,2024-03-17 06:54:36,user,Доброе утро всем,2024-03-17 06:59:20,1
378,417850,2024-03-17 06:54:36,user,я пока разбираюсь с прошлым семинаром,2024-03-17 07:00:10,12
379,417850,2024-03-17 06:54:36,user,Каждая тема это тип; 2024-03-17T07:00:26.168Z,2024-03-17 07:00:26,12
380,417850,2024-03-17 06:54:36,user,Николай) по традиции)),2024-03-17 07:27:40,12
383,417853,2024-03-30 06:20:44,user,Доброго времени.,2024-03-30 06:26:23,1
384,417853,2024-03-30 06:20:44,user,Привет; 2024-03-30T06:28:40.317Z,2024-03-30 06:28:40,1
386,417853,2024-03-30 06:20:44,user,Всем привет!; 2024-03-30T06:29:22.318Z,2024-03-30 06:29:22,1
387,417856,2024-03-11 16:56:35,user,Добрый вечер; 2024-03-11T17:06:47.985Z,2024-03-11 17:06:47,1
388,417856,2024-03-11 16:56:35,user,я сегодня готова,2024-03-11 17:24:06,12
390,417856,2024-03-11 16:56:35,user,"в целом, да; 2024-03-11T17:40:54.304Z",2024-03-11 17:40:54,12
391,352174,2024-03-02 12:50:24,,avast,2024-03-02 14:25:12,12
392,352174,2024-03-02 12:50:24,,command,2024-03-02 14:47:52,12
398,358541,2024-03-13 14:50:11,user,333333333333333444444,,15
399,360447,2024-03-24 09:34:39,user,го в понедельник на сервер тумки,2024-03-24 10:00:28,15
400,360447,2024-03-24 09:34:39,user,4 cообщение,2024-03-24 10:02:07,15
401,360447,2024-03-24 09:34:39,user,5 сообщение,2024-03-24 10:02:17,15
402,360447,2024-03-24 09:34:39,user,6 сообщение,2024-03-24 10:03:03,15
403,360447,2024-03-24 09:34:39,user,уроков много :((((,2024-03-24 10:03:17,12
404,360447,2024-03-24 09:34:39,user,у меня +5,2024-03-24 10:03:24,12
407,360447,2024-03-24 09:34:39,user,ничего себе 0_0,2024-03-24 10:03:52,12
408,360447,2024-03-24 09:34:39,user,ну да всё равно потом 3 параграфа учить,2024-03-24 10:03:57,12
409,360447,2024-03-24 09:34:39,user,а я не знал..,2024-03-24 10:03:59,16
410,360447,2024-03-24 09:34:39,user,на уроке: ''ура! каникулы!'',2024-03-24 10:04:17,13
411,360447,2024-03-24 09:34:39,user,го в понедельник на сервак тумки,2024-03-24 10:04:26,15
412,360447,2024-03-24 09:34:39,user,а я человек пиченька,2024-03-24 10:04:52,15
413,360447,2024-03-24 09:34:39,user,я там знатный игрок пару раздач делал!!,2024-03-24 10:05:07,15
414,360447,2024-03-24 09:34:39,user,лучше заходи на соообщение 19,2024-03-24 10:05:14,15
415,360447,2024-03-24 09:34:39,user,а я человек-бобер,2024-03-24 10:05:51,15
416,360447,2024-03-24 09:34:39,user,8 занял топ 1 в ранговом,2024-03-24 10:06:37,15
417,360447,2024-03-24 09:34:39,user,ну 6,2024-03-24 10:06:47,15
418,360447,2024-03-24 09:34:39,user,и 10,2024-03-24 10:07:00,15
419,360447,2024-03-24 09:34:39,user,Я БОБР,2024-03-24 10:08:34,15
420,360447,2024-03-24 09:34:39,user,я ронен,2024-03-24 10:13:59,15
421,360447,2024-03-24 09:34:39,user,майнкрафт отлетает,2024-03-24 10:14:27,15
422,360447,2024-03-24 09:34:39,user,передвигаться,2024-03-24 10:15:06,15
423,360447,2024-03-24 09:34:39,user,саша харэ танцевать,2024-03-24 10:16:12,15
424,360447,2024-03-24 09:34:39,user,не смогу,2024-03-24 10:25:14,15
425,360447,2024-03-24 09:34:39,user,а что должно произойти,2024-03-24 10:25:38,12
428,360447,2024-03-24 09:34:39,user,хотя сказал,2024-03-24 10:26:18,12
431,360447,2024-03-24 09:34:39,user,юю,2024-03-24 10:28:39,15
432,360447,2024-03-24 09:34:39,user,а если динамит,2024-03-24 10:31:48,15
433,360447,2024-03-24 09:34:39,user,даже без фром мс?,2024-03-24 10:36:20,12
434,360447,2024-03-24 09:34:39,user,а импорт тайм,2024-03-24 10:36:34,12
436,360447,2024-03-24 09:34:39,user,врое +,2024-03-24 10:41:08,12
437,360447,2024-03-24 09:34:39,user,полетел прям блок,2024-03-24 10:41:23,12
439,360447,2024-03-24 09:34:39,user,тольк 1 блок летит,2024-03-24 10:44:36,12
440,360447,2024-03-24 09:34:39,user,так над,2024-03-24 10:44:52,12
441,360447,2024-03-24 09:34:39,user,он 1,2024-03-24 10:45:20,12
442,360447,2024-03-24 09:34:39,user,он прямо или как ранеше,2024-03-24 10:45:51,12
443,360447,2024-03-24 09:34:39,user,я смог урааааааааааааааааа,2024-03-24 10:47:37,13
444,360447,2024-03-24 09:34:39,user,теперь я сделаю из этого динамитную установку,2024-03-24 10:48:06,16
445,360447,2024-03-24 09:34:39,user,они в амереке,2024-03-24 10:49:33,12
446,360447,2024-03-24 09:34:39,user,я человек молодец,2024-03-24 10:50:08,14
447,360447,2024-03-24 09:34:39,user,я бобёр,2024-03-24 10:50:16,15
448,360447,2024-03-24 09:34:39,user,мая машина вышла из под контроля,2024-03-24 10:50:24,15
449,360447,2024-03-24 09:34:39,user,из динамита,2024-03-24 10:50:39,15
450,360447,2024-03-24 09:34:39,user,швейия,2024-03-24 10:50:50,15
451,360447,2024-03-24 09:34:39,user,сервер тумки,2024-03-24 10:52:01,15
452,360447,2024-03-24 09:34:39,user,зацените моего капибейнчика,2024-03-24 10:52:21,15
453,360447,2024-03-24 09:34:39,user,скажи это мне в лицо,2024-03-24 10:55:50,16
454,360447,2024-03-24 09:34:39,user,саня скажи мне это в лицо,2024-03-24 10:56:21,16
456,360447,2024-03-24 09:34:39,user,где первым,2024-03-24 11:04:25,15
457,360447,2024-03-24 09:34:39,user,я был первым!!!; 2024-03-24T11:05:40.737Z,2024-03-24 11:05:40,15
458,360447,2024-03-24 09:34:39,user,я скопировал,2024-03-24 11:10:20,12
460,360447,2024-03-24 09:34:39,user,Я молодец(наверное),2024-03-24 11:10:55,14
461,360447,2024-03-24 09:34:39,user,Zzzzzzz Zzzzzzzzz Zzzzzzzzzz,2024-03-24 11:10:56,15
462,360447,2024-03-24 09:34:39,user,она чот не спавнитса,2024-03-24 11:11:05,15
463,360447,2024-03-24 09:34:39,user,я м,2024-03-24 11:11:11,15
464,360447,2024-03-24 09:34:39,user,я скопировала,2024-03-24 11:11:30,15
465,360447,2024-03-24 09:34:39,user,с нло начинать?,2024-03-24 11:13:22,15
466,360447,2024-03-24 09:34:39,user,или с x y z,2024-03-24 11:13:33,15
467,360447,2024-03-24 09:34:39,user,в 21?,2024-03-24 11:13:37,12
468,360447,2024-03-24 09:34:39,user,stroka,2024-03-24 11:16:05,12
469,360447,2024-03-24 09:34:39,user,а она должна лететь???,2024-03-24 11:16:40,12
470,360447,2024-03-24 09:34:39,user,ya molodec,2024-03-24 11:16:44,14
472,360447,2024-03-24 09:34:39,user,я ммммммммммммммолодец,2024-03-24 11:21:03,14
473,360447,2024-03-24 09:34:39,user,я ем (кафе),2024-03-24 11:22:30,15
474,360447,2024-03-24 09:34:39,user,"скорее всего, мобет быть, наверное да",2024-03-24 11:22:49,12
475,360447,2024-03-24 09:34:39,user,нужно,2024-03-24 11:22:55,12
476,360447,2024-03-24 09:34:39,user,дададададдадададададададададададаладададададададваддва,2024-03-24 11:23:24,15
477,360447,2024-03-24 09:34:39,user,3*,2024-03-24 11:23:34,12
478,360447,2024-03-24 09:34:39,user,устал немного(,2024-03-24 11:23:43,12
479,360447,2024-03-24 09:34:39,user,4; 2024-03-24T11:23:45.261Z,2024-03-24 11:23:45,15
480,360447,2024-03-24 09:34:39,user,2; 2024-03-24T11:23:48.985Z,2024-03-24 11:23:48,15
481,360447,2024-03-24 09:34:39,user,2-1; 2024-03-24T11:24:05.325Z,2024-03-24 11:24:05,15
482,360447,2024-03-24 09:34:39,user,2024-03-24T11:24:09.798Z,2024-03-24 11:24:09,15
483,360447,2024-03-24 09:34:39,user,без флуда,2024-03-24 11:24:20,12
484,360447,2024-03-24 09:34:39,user,До свидания!; 2024-03-24T11:25:28.544Z,2024-03-24 11:25:28,20
485,360447,2024-03-24 09:34:39,user,555555555555555555555555555555555555555555555555555555555555555555555555555555555555555555555555555555555555555555555555555555555555555555555555555555555555555555555555555555555555555555555555555555555555555555555555555555555555555555555555555555555555555555555555555555555555555555555555555555555555555555555555555555555555555555555,,15
487,377877,2024-03-24 07:50:36,user,да пробовал,2024-03-24 08:02:34,12
489,377877,2024-03-24 07:50:36,user,а как через вс,2024-03-24 08:02:47,12
492,377877,2024-03-24 07:50:36,user,тогда 1,2024-03-24 08:03:55,12
493,377877,2024-03-24 07:50:36,user,готовится к впр,2024-03-24 08:03:58,12
494,377877,2024-03-24 07:50:36,user,биос процессор не тянет,2024-03-24 08:04:12,12
495,377877,2024-03-24 07:50:36,user,я в акк входил,2024-03-24 08:05:25,12
496,377877,2024-03-24 07:50:36,user,блин я не то,2024-03-24 08:07:25,12
497,377877,2024-03-24 07:50:36,user,я чуть def ненаписал,2024-03-24 08:07:52,12
498,377877,2024-03-24 07:50:36,user,я волновался что нужно со скобками,2024-03-24 08:09:36,12
499,377877,2024-03-24 07:50:36,user,невозможно правильно ответить,2024-03-24 08:10:38,12
500,377877,2024-03-24 07:50:36,user,поэтому здесь 8 вопросов,2024-03-24 08:10:57,12
501,377877,2024-03-24 07:50:36,user,использовать написал,2024-03-24 08:11:32,12
502,377877,2024-03-24 07:50:36,user,я схему написал,2024-03-24 08:11:34,12
503,377877,2024-03-24 07:50:36,user,схему как вызвать,2024-03-24 08:13:46,12
506,377877,2024-03-24 07:50:36,user,да похоже,2024-03-24 08:14:43,12
508,377877,2024-03-24 07:50:36,user,вычислим по айпи,2024-03-24 08:15:47,16
509,377877,2024-03-24 07:50:36,user,один в один словари,2024-03-24 08:17:36,12
510,377877,2024-03-24 07:50:36,user,"объект 434(студент), кетер",2024-03-24 08:18:33,15
511,377877,2024-03-24 07:50:36,user,знач,2024-03-24 08:19:09,12
512,377877,2024-03-24 07:50:36,user,"объект 253(злая матиматичка),
Таумиэль",2024-03-24 08:19:48,15
513,377877,2024-03-24 07:50:36,user,бедный максим его данные слили,2024-03-24 08:21:55,16
517,377877,2024-03-24 07:50:36,user,в том что он ненжен,2024-03-24 08:23:43,12
518,377877,2024-03-24 07:50:36,user,ненужен*,2024-03-24 08:23:48,12
519,377877,2024-03-24 07:50:36,user,рил первый бесполезный,2024-03-24 08:24:10,12
520,377877,2024-03-24 07:50:36,user,максима продолжают взламывать,2024-03-24 08:24:54,15
522,377877,2024-03-24 07:50:36,user,рыба в конце,2024-03-24 08:27:30,12
523,377877,2024-03-24 07:50:36,user,я сделал немного другое,2024-03-24 08:42:40,12
524,377877,2024-03-24 07:50:36,user,опередил своё время,2024-03-24 08:43:46,12
525,377877,2024-03-24 07:50:36,user,я это и до этго делал,2024-03-24 08:43:47,12
526,377877,2024-03-24 07:50:36,user,федор афк,2024-03-24 08:44:13,12
529,377877,2024-03-24 07:50:36,user,число,2024-03-24 08:45:06,12
530,377877,2024-03-24 07:50:36,user,копируй и меняй значение просто,2024-03-24 08:45:29,12
531,377877,2024-03-24 07:50:36,user,один день боярина имба просто,2024-03-24 08:47:19,16
532,377877,2024-03-24 07:50:36,user,я пойду небуди смотреть,2024-03-24 08:48:33,16
534,377877,2024-03-24 07:50:36,user,можно я с вами мем сделаю всего один?,2024-03-24 08:56:08,15
535,377877,2024-03-24 07:50:36,user,ну ладно     Жак фреско,2024-03-24 08:56:40,12
536,377877,2024-03-24 07:50:36,user,"ладно ну
     ""Фреско жак""",2024-03-24 08:57:35,12
537,377877,2024-03-24 07:50:36,user,Ерфско кжа           ун длано,2024-03-24 08:58:15,15
539,377877,2024-03-24 07:50:36,user,"сева, фига тебе 120",2024-03-24 09:00:19,15
540,377877,2024-03-24 07:50:36,user,Пережил ссср,2024-03-24 09:00:54,15
541,377877,2024-03-24 07:50:36,user,я скуф,2024-03-24 09:01:47,15
542,377877,2024-03-24 07:50:36,user,скуфидон,2024-03-24 09:01:59,15
543,377877,2024-03-24 07:50:36,user,везде эти амереканцы,2024-03-24 09:02:48,15
544,377877,2024-03-24 07:50:36,user,Америка даже здесь пролезла,2024-03-24 09:03:03,15
545,377877,2024-03-24 07:50:36,user,this = это                                           Жак фреско,2024-03-24 09:03:34,15
546,377877,2024-03-24 07:50:36,user,дарова братух мой айпи...,2024-03-24 09:04:21,15
547,377877,2024-03-24 07:50:36,user,у меня почти всё готово,2024-03-24 09:04:28,15
554,377877,2024-03-24 07:50:36,user,я недавно chat GPT попросил сделать приммер c сайта c js он мне калькулятор сделал,2024-03-24 09:22:00,12
556,377877,2024-03-24 07:50:36,user,я ожидал rickroll,2024-03-24 09:26:31,12
557,377877,2024-03-24 07:50:36,user,зеленый; 2024-03-24T09:27:05.281Z,2024-03-24 09:27:05,12
558,377877,2024-03-24 07:50:36,user,зеленый; 2024-03-24T09:27:07.186Z,2024-03-24 09:27:07,12
559,377877,2024-03-24 07:50:36,user,Зеденый крокодил,2024-03-24 09:27:13,12
560,377877,2024-03-24 07:50:36,user,green; 2024-03-24T09:27:18.420Z,2024-03-24 09:27:18,12
561,377877,2024-03-24 07:50:36,user,где проц норм купить,2024-03-24 09:27:44,15
562,377877,2024-03-24 07:50:36,user,в магазине,2024-03-24 09:27:54,15
563,377877,2024-03-24 07:50:36,user,всегда пожалуйста; 2024-03-24T09:28:11.585Z,2024-03-24 09:28:11,14
564,377877,2024-03-24 07:50:36,user,брайни топ; 2024-03-24T09:28:12.640Z,2024-03-24 09:28:12,15
569,411023,2024-03-07 16:51:26,user,спасибо и вас с праздником!1; 2024-03-07T18:06:47.934Z,2024-03-07 18:06:47,14
570,411023,2024-03-07 16:51:26,user,спасибо большое)) и вам тепла и улыбок!!!; 2024-03-07T18:06:51.229Z,2024-03-07 18:06:51,14
571,411023,2024-03-07 16:51:26,user,Спасибо; 2024-03-07T18:07:07.019Z,2024-03-07 18:07:07,14
572,417617,2024-03-18 16:39:06,user,совсем не работал,2024-03-18 17:01:14,12
573,417617,2024-03-18 16:39:06,user,дублировались было бы 6 )),2024-03-18 17:02:29,12
580,417617,2024-03-18 16:39:06,user,"Спасибо, решил 1 задачу с первой попытки))",2024-03-18 17:12:18,14
581,417617,2024-03-18 16:39:06,user,не надо суммировать,2024-03-18 17:28:30,12
584,417617,2024-03-18 16:39:06,user,зависит от компьютера,2024-03-18 17:31:48,12
593,417617,2024-03-18 16:39:06,user,Артём спасибо,2024-03-18 17:45:11,14
596,417617,2024-03-18 16:39:06,user,Короче это мы не проходили это нам не задавали)))),2024-03-18 17:45:49,13
597,417617,2024-03-18 16:39:06,user,"ага, я так же знаю как и ты ))",2024-03-18 17:46:04,13
598,417617,2024-03-18 16:39:06,user,"зато сейчас на опыте закрепляете, это же круче)",2024-03-18 17:46:26,12
601,417617,2024-03-18 16:39:06,user,либо метанит,2024-03-18 17:47:42,12
602,417617,2024-03-18 16:39:06,user,"Вот метанит читаю, но видимо ещё не дошёл.",2024-03-18 17:49:56,12
603,417617,2024-03-18 16:39:06,user,возведение,2024-03-18 17:50:50,12
610,417617,2024-03-18 16:39:06,user,кста - я Тодираш ),2024-03-18 17:54:24,12
612,417617,2024-03-18 16:39:06,user,Прошу прощения за ошибку в имени),2024-03-18 17:54:42,13
613,417617,2024-03-18 16:39:06,user,e vtyz gjzdkztncz,2024-03-18 17:56:35,15
614,417617,2024-03-18 16:39:06,user,у меня появляется,2024-03-18 17:56:48,12
615,417617,2024-03-18 16:39:06,user,потому что есть новички,2024-03-18 18:00:17,12
619,417617,2024-03-18 16:39:06,user,не согласен,2024-03-18 18:13:56,12
621,417617,2024-03-18 16:39:06,user,ООПшка,2024-03-18 18:14:46,12
622,417617,2024-03-18 16:39:06,user,йцукенгшщзхъ,2024-03-18 18:15:31,15
623,417617,2024-03-18 16:39:06,user,не туда); 2024-03-18T18:15:50.920Z,2024-03-18 18:15:50,12
627,417617,2024-03-18 16:39:06,user,Nhtnm. wbahe,2024-03-18 18:21:19,15
629,417617,2024-03-18 16:39:06,user,как один из вариантов точно,2024-03-18 18:22:00,12
632,417617,2024-03-18 16:39:06,user,"//Напишите программу, которая выводит третью слева цифру заданного числа или сообщает, что третьей цифры нет.

//456  =>  6
//7812  =>  1
//91  =>  Третьей цифры нет


int num = Convert.ToInt32(Console.ReadLine());

if(num >= 100) {
    int num2 = num % 100;
    int num3 = num2 % 10;
    Console.WriteLine(num3);
    }
else {
    Console.WriteLine(""NEOk"");
    }",2024-03-18 18:35:55,12
635,417617,2024-03-18 16:39:06,user,Спасибо за пояснение про черту,2024-03-18 18:44:23,14
637,417617,2024-03-18 16:39:06,user,"Артем, ты не смотри)",2024-03-18 18:46:48,12
638,417617,2024-03-18 16:39:06,user,"ахахха, все тогда, ухожу! Спасибо за пару!) было интересно",2024-03-18 18:47:10,14
639,417617,2024-03-18 16:39:06,user,Спасибо за пояснение,2024-03-18 18:51:49,14
644,417617,2024-03-18 16:39:06,user,на gb.ru,2024-03-18 18:54:50,12
645,417617,2024-03-18 16:39:06,user,"спасибо за семинар, было интересно); 2024-03-18T18:56:05.874Z",2024-03-18 18:56:05,14
646,417617,2024-03-18 16:39:06,user,Спасибо!!!; 2024-03-18T18:56:11.399Z,2024-03-18 18:56:11,14
647,417617,2024-03-18 16:39:06,user,Я Артееееем((,2024-03-18 18:56:11,12
648,417617,2024-03-18 16:39:06,user,"Все молодцы, всем спасибо, только не хватает комментариев при написании кода участниками.; 2024-03-18T18:57:12.904Z",2024-03-18 18:57:12,14
649,417617,2024-03-18 16:39:06,user,"Юрий, учту на будущее, спасибо); 2024-03-18T18:57:26.953Z",2024-03-18 18:57:26,14
651,417617,2024-03-18 16:39:06,user,Досвидание; 2024-03-18T18:58:32.929Z,2024-03-18 18:58:32,20
652,417617,2024-03-18 16:39:06,user,спасиб; 2024-03-18T18:58:33.318Z,2024-03-18 18:58:33,14
653,417617,2024-03-18 16:39:06,user,До свидания; 2024-03-18T18:58:48.008Z,2024-03-18 18:58:48,20
655,420062,2024-03-28 15:51:17,user,чуть лучше,2024-03-28 16:01:06,12
660,420062,2024-03-28 15:51:17,user,Преобразовывает,2024-03-28 16:06:21,12
661,420062,2024-03-28 15:51:17,user,Интерактив; 2024-03-28T16:07:26.070Z,2024-03-28 16:07:26,12
670,420062,2024-03-28 15:51:17,user,так проще ему еще один класс дать,2024-03-28 16:31:25,12
682,420062,2024-03-28 15:51:17,user,докер был в дополнительных уроках,2024-03-28 17:00:02,12
684,420062,2024-03-28 15:51:17,user,да я прощелкал; 2024-03-28T17:01:58.718Z,2024-03-28 17:01:58,12
685,420062,2024-03-28 15:51:17,user,спасибо; 2024-03-28T17:02:36.904Z,2024-03-28 17:02:36,14
687,420062,2024-03-28 15:51:17,user,ага(; 2024-03-28T17:02:56.298Z,2024-03-28 17:02:56,12
689,437109,2024-03-31 14:00:12,user,dnjhe. dthcb. gjdnjhbnt,2024-03-31 14:05:57,15
690,437109,2024-03-31 14:00:12,user,вторую  версию настройки повторите,2024-03-31 14:06:19,12
693,437109,2024-03-31 14:00:12,user,Это точно на нашей стороне,2024-03-31 15:19:09,12
695,437109,2024-03-31 14:00:12,user,"Не поверите, он все это время на зарядке(",2024-03-31 15:21:12,12
696,437109,2024-03-31 14:00:12,user,"Видимо, отложить. Спасибо!; 2024-03-31T15:22:22.696Z",2024-03-31 15:22:22,14
697,424799,2024-03-09 13:03:25,user,"2, 3, 4, 6, 8",2024-03-09 13:29:24,12
702,425516,2024-03-21 15:51:25,user,2; 2024-03-21T16:06:09.454Z,2024-03-21 16:06:09,12
703,425516,2024-03-21 15:51:25,user,2; 2024-03-21T16:06:14.413Z,2024-03-21 16:06:14,12
704,425516,2024-03-21 15:51:25,user,я только лекцию успел досмотреть и все,2024-03-21 16:08:16,12
707,425516,2024-03-21 15:51:25,user,так у нас по магазину домашка была ещё,2024-03-21 16:24:03,12
714,425516,2024-03-21 15:51:25,user,Норм)),2024-03-21 18:22:05,13
716,425516,2024-03-21 15:51:25,user,Спасибо!!!И вам всего хорошего))); 2024-03-21T18:29:54.343Z,2024-03-21 18:29:54,14
722,417675,2024-03-14 16:50:21,user,Добрый вечер; 2024-03-14T16:52:23.977Z,2024-03-14 16:52:23,1
725,417675,2024-03-14 16:50:21,user,Всем привет; 2024-03-14T16:53:21.109Z,2024-03-14 16:53:21,1
726,417675,2024-03-14 16:50:21,user,ооо а народ уже тут. всем привет,2024-03-14 16:53:23,1
727,417675,2024-03-14 16:50:21,user,привет; 2024-03-14T16:54:06.042Z,2024-03-14 16:54:06,1
728,417675,2024-03-14 16:50:21,user,33 участника,2024-03-14 16:54:22,12
729,417675,2024-03-14 16:50:21,user,еще 6 минут есть,2024-03-14 16:54:58,12
730,417675,2024-03-14 16:50:21,user,Простите первый семинар просто,2024-03-14 16:55:06,12
731,417675,2024-03-14 16:50:21,user,на прошло семинаре было 200,2024-03-14 16:55:19,12
733,417675,2024-03-14 16:50:21,user,nope\,2024-03-14 16:55:48,12
734,417675,2024-03-14 16:50:21,user,тут все,2024-03-14 16:55:52,12
736,417675,2024-03-14 16:50:21,user,А кто то есть из Узб?,2024-03-14 16:56:25,12
740,417675,2024-03-14 16:50:21,user,ООО ассаламу алейку,2024-03-14 16:57:02,1
741,417675,2024-03-14 16:50:21,user,всем привет; 2024-03-14T16:57:20.547Z,2024-03-14 16:57:20,1
744,417675,2024-03-14 16:50:21,user,так и будет,2024-03-14 16:58:32,12
746,417675,2024-03-14 16:50:21,user,кому сколько лет?,2024-03-14 16:59:28,12
747,417675,2024-03-14 16:50:21,user,Приветствую всех!,2024-03-14 16:59:44,1
748,417675,2024-03-14 16:50:21,user,16),2024-03-14 16:59:47,12
749,417675,2024-03-14 16:50:21,user,37; 2024-03-14T17:00:05.358Z,2024-03-14 17:00:05,12
750,417675,2024-03-14 16:50:21,user,"Молодцы какие, уже в столь раннем возрасте начинают этим заниматься",2024-03-14 17:00:12,14
751,417675,2024-03-14 16:50:21,user,в 30 с обоих ног в айти,2024-03-14 17:00:18,12
752,417675,2024-03-14 16:50:21,user,я думала младше меня нету,2024-03-14 17:00:20,12
753,417675,2024-03-14 16:50:21,user,не скаажу,2024-03-14 17:00:23,12
755,417675,2024-03-14 16:50:21,user,27; 2024-03-14T17:00:37.414Z,2024-03-14 17:00:37,12
756,417675,2024-03-14 16:50:21,user,39); 2024-03-14T17:00:41.654Z,2024-03-14 17:00:41,12
757,417675,2024-03-14 16:50:21,user,Ума ты моя феворитка,2024-03-14 17:00:56,14
759,417675,2024-03-14 16:50:21,user,в IT и выйти),2024-03-14 17:01:01,12
760,417675,2024-03-14 16:50:21,user,Когда успел??),2024-03-14 17:01:03,12
761,417675,2024-03-14 16:50:21,user,еще с прошлого урока,2024-03-14 17:01:06,12
763,417675,2024-03-14 16:50:21,user,"Миратдин блинб, красавчик",2024-03-14 17:01:21,14
764,417675,2024-03-14 16:50:21,user,Подтянуть знания,2024-03-14 17:01:24,12
766,417675,2024-03-14 16:50:21,user,Максим спасибо брат,2024-03-14 17:01:36,14
767,417675,2024-03-14 16:50:21,user,Хелоу,2024-03-14 17:01:45,1
768,417675,2024-03-14 16:50:21,user,"Ай, все молодцы ^_^",2024-03-14 17:01:52,14
770,417675,2024-03-14 16:50:21,user,"а те кто отучился ,пробоыва",2024-03-14 17:02:05,12
771,417675,2024-03-14 16:50:21,user,Точно все молодцы,2024-03-14 17:02:06,14
772,417675,2024-03-14 16:50:21,user,"Так-то у меня холдинг, а в такси - для души ))))",2024-03-14 17:02:17,12
774,417675,2024-03-14 16:50:21,user,"Анна Сулим, а это у тебя первый опыт ?",2024-03-14 17:02:22,12
776,417675,2024-03-14 16:50:21,user,"Жалко нельзя оценивать комменты, Антон ) Респект!!",2024-03-14 17:02:44,14
777,417675,2024-03-14 16:50:21,user,кто самый младший в итоге?)),2024-03-14 17:02:59,12
779,417675,2024-03-14 16:50:21,user,"Максим, нет, я уже прошла обучение на html и css",2024-03-14 17:03:11,12
780,417675,2024-03-14 16:50:21,user,мне 29 ),2024-03-14 17:03:14,12
781,417675,2024-03-14 16:50:21,user,я так чисто по кайфу сюда зашел. суету навести; 2024-03-14T17:03:14.600Z,2024-03-14 17:03:14,12
782,417675,2024-03-14 16:50:21,user,Hi brother,2024-03-14 17:03:14,1
783,417675,2024-03-14 16:50:21,user,What's up,2024-03-14 17:03:28,1
784,417675,2024-03-14 16:50:21,user,"print(""Hello World!"")",2024-03-14 17:03:39,1
785,417675,2024-03-14 16:50:21,user,Крутышки блинб ),2024-03-14 17:03:52,14
786,417675,2024-03-14 16:50:21,user,Всем салам!,2024-03-14 17:04:02,1
787,417675,2024-03-14 16:50:21,user,please start,2024-03-14 17:04:05,12
788,417675,2024-03-14 16:50:21,user,Hey there! I am using WhatsApp.,2024-03-14 17:04:14,12
790,417675,2024-03-14 16:50:21,user,"я закончила Step It курсы потом ещё доп проходила python, сейчас на фаундейшене и решила пока есть время пройти эти курсы чтобы было чуть легче, а так буду учиться в Германии с сентября в сфере (создатель искусственного интеллекта)",2024-03-14 17:04:17,12
792,417675,2024-03-14 16:50:21,user,"Kamila, я тоже учился в IT step",2024-03-14 17:04:43,12
793,417675,2024-03-14 16:50:21,user,Уау Камила,2024-03-14 17:04:46,14
794,417675,2024-03-14 16:50:21,user,Первый опыт в программировании,2024-03-14 17:04:52,12
795,417675,2024-03-14 16:50:21,user,потом что то не пошло и забросил,2024-03-14 17:04:53,12
796,417675,2024-03-14 16:50:21,user,qq; 2024-03-14T17:05:08.434Z,2024-03-14 17:05:08,1
797,417675,2024-03-14 16:50:21,user,ООООооооо,2024-03-14 17:05:09,12
798,417675,2024-03-14 16:50:21,user,Здраствуйте!),2024-03-14 17:05:12,1
799,417675,2024-03-14 16:50:21,user,Приколдесные игрушки в описании под уроком,2024-03-14 17:05:15,12
800,417675,2024-03-14 16:50:21,user,"Добрый вечер, Сергей Сергеевич!",2024-03-14 17:05:17,1
801,417675,2024-03-14 16:50:21,user,наш любимый учител,2024-03-14 17:05:19,12
802,417675,2024-03-14 16:50:21,user,всего то,2024-03-14 17:05:24,12
803,417675,2024-03-14 16:50:21,user,Мало?,2024-03-14 17:05:24,12
804,417675,2024-03-14 16:50:21,user,меня должно быть достаточно,2024-03-14 17:05:28,12
805,417675,2024-03-14 16:50:21,user,щас набегут,2024-03-14 17:05:28,12
806,417675,2024-03-14 16:50:21,user,Добрый вечер!; 2024-03-14T17:05:30.049Z,2024-03-14 17:05:30,1
807,417675,2024-03-14 16:50:21,user,Сейчас накрутим хахп; 2024-03-14T17:05:30.165Z,2024-03-14 17:05:30,12
808,417675,2024-03-14 16:50:21,user,Ума всегда будет здесь,2024-03-14 17:05:39,12
809,417675,2024-03-14 16:50:21,user,меньша народу больше кислороду,2024-03-14 17:05:44,12
810,417675,2024-03-14 16:50:21,user,здравсивуйте; 2024-03-14T17:05:50.847Z,2024-03-14 17:05:50,1
811,417675,2024-03-14 16:50:21,user,ушли включенные микро),2024-03-14 17:05:51,12
812,417675,2024-03-14 16:50:21,user,все три лекции посмотрел,2024-03-14 17:06:04,12
814,417675,2024-03-14 16:50:21,user,cs50 посмотрел уже до 10 лекции,2024-03-14 17:06:38,12
817,417675,2024-03-14 16:50:21,user,контр страйк,2024-03-14 17:07:33,12
818,417675,2024-03-14 16:50:21,user,CS50 из доп материалов к лекции,2024-03-14 17:07:35,12
819,417675,2024-03-14 16:50:21,user,гарвардские курсы 2015 года cs 50)),2024-03-14 17:07:43,12
820,417675,2024-03-14 16:50:21,user,Тас тематика другая; 2024-03-14T17:07:43.219Z,2024-03-14 17:07:43,12
821,417675,2024-03-14 16:50:21,user,кто печатает?,2024-03-14 17:08:10,12
823,417675,2024-03-14 16:50:21,user,ввод данных там,2024-03-14 17:08:19,12
824,417675,2024-03-14 16:50:21,user,Блоки не те :),2024-03-14 17:08:27,12
830,417675,2024-03-14 16:50:21,user,"Можно, я так и сделал, с массивом",2024-03-14 17:11:22,12
831,417675,2024-03-14 16:50:21,user,Для нуля не прокатит :),2024-03-14 17:11:57,12
832,417675,2024-03-14 16:50:21,user,эти картинки собственно и гуглятся,2024-03-14 17:12:10,12
833,417675,2024-03-14 16:50:21,user,а не прокатит,2024-03-14 17:12:37,12
837,417675,2024-03-14 16:50:21,user,знак не равенства,2024-03-14 17:17:57,12
843,417675,2024-03-14 16:50:21,user,вы же просили картинками выкладывать,2024-03-14 17:22:12,12
851,417675,2024-03-14 16:50:21,user,как и рекуррентный случай,2024-03-14 17:24:16,12
852,417675,2024-03-14 16:50:21,user,прравда у меня сдвг,2024-03-14 17:24:25,12
857,417675,2024-03-14 16:50:21,user,пееременные по дефолту да,2024-03-14 17:27:33,12
858,417675,2024-03-14 16:50:21,user,"Прошу прощения, я сейчас на работе и не успеваю присутствовать на семинаре. Точно выполню все задания. Ещё раз прошу прощения.; 2024-03-14T17:28:03.645Z",2024-03-14 17:28:03,14
860,417675,2024-03-14 16:50:21,user,урааа квиз,2024-03-14 17:29:14,13
861,417675,2024-03-14 16:50:21,user,мотивацию поднять),2024-03-14 17:29:32,13
863,417675,2024-03-14 16:50:21,user,я задал вопрос потому что в календаре отмечено время дедлайна =),2024-03-14 17:29:37,12
865,417675,2024-03-14 16:50:21,user,чем отличается поезд в метро от шкафчиков в спортзале?,2024-03-14 17:34:28,15
866,417675,2024-03-14 16:50:21,user,Про аналогии - это наркомания,2024-03-14 17:34:48,12
868,417675,2024-03-14 16:50:21,user,каждый состав имеет номер,2024-03-14 17:35:06,12
872,417675,2024-03-14 16:50:21,user,там может быть велосипед вместо человека,2024-03-14 17:35:43,12
873,417675,2024-03-14 16:50:21,user,но это все авто ожин тип,2024-03-14 17:35:46,12
874,417675,2024-03-14 16:50:21,user,Прикольно. 7 из 9,2024-03-14 17:35:47,12
875,417675,2024-03-14 16:50:21,user,в метро на 2 места может сесть 1 человек,2024-03-14 17:35:49,12
876,417675,2024-03-14 16:50:21,user,я тоже ошибся только с вагоном,2024-03-14 17:36:04,12
877,417675,2024-03-14 16:50:21,user,еонцерт,2024-03-14 17:36:19,12
878,417675,2024-03-14 16:50:21,user,вагон смотря у кого какой,2024-03-14 17:36:21,12
879,417675,2024-03-14 16:50:21,user,фанзона,2024-03-14 17:36:23,12
880,417675,2024-03-14 16:50:21,user,Фанзона на концерте,2024-03-14 17:36:23,12
881,417675,2024-03-14 16:50:21,user,концерт,2024-03-14 17:36:26,12
882,417675,2024-03-14 16:50:21,user,ну я пошёл)),2024-03-14 17:36:43,12
883,417675,2024-03-14 16:50:21,user,ну я пойду?,2024-03-14 17:36:45,12
884,417675,2024-03-14 16:50:21,user,я??,2024-03-14 17:36:46,12
885,417675,2024-03-14 16:50:21,user,Только второй раз не надо в тест перезаходить),2024-03-14 17:37:01,12
886,417675,2024-03-14 16:50:21,user,брат близнец Сергеича выиграл?,2024-03-14 17:37:02,12
887,417675,2024-03-14 16:50:21,user,Мне вообще это не нужно ))),2024-03-14 17:37:09,12
888,417675,2024-03-14 16:50:21,user,картинка не отображается в вопросе,2024-03-14 17:37:13,12
889,417675,2024-03-14 16:50:21,user,Уберите вопросы с аналогиями. От них физически больно. Тот кто их придумал - садист :),2024-03-14 17:37:15,12
890,417675,2024-03-14 16:50:21,user,"Сергей, да, походу можно ливать тогда)",2024-03-14 17:37:18,12
891,417675,2024-03-14 16:50:21,user,все любят),2024-03-14 17:37:25,14
892,417675,2024-03-14 16:50:21,user,да; 2024-03-14T17:37:29.614Z,2024-03-14 17:37:29,12
893,417675,2024-03-14 16:50:21,user,Злой близнец?,2024-03-14 17:37:36,12
894,417675,2024-03-14 16:50:21,user,"А вы сейчас, это вы?",2024-03-14 17:37:39,12
895,417675,2024-03-14 16:50:21,user,Как из кино?,2024-03-14 17:37:39,12
896,417675,2024-03-14 16:50:21,user,и он первый,2024-03-14 17:37:41,12
897,417675,2024-03-14 16:50:21,user,НАУЧИ))),2024-03-14 17:37:44,12
898,417675,2024-03-14 16:50:21,user,А сейчас это точно не он? )))))),2024-03-14 17:37:46,12
899,417675,2024-03-14 16:50:21,user,железная маска?)),2024-03-14 17:37:49,12
900,417675,2024-03-14 16:50:21,user,среди нас,2024-03-14 17:37:51,12
901,417675,2024-03-14 16:50:21,user,он другую дисциплину ведет?,2024-03-14 17:37:56,12
902,417675,2024-03-14 16:50:21,user,я на 10 минут старше своего брата,2024-03-14 17:37:57,12
903,417675,2024-03-14 16:50:21,user,это все связи,2024-03-14 17:37:58,12
904,417675,2024-03-14 16:50:21,user,"там в одном вопросе разобрался с кодом, а второй как то можно повторить",2024-03-14 17:38:12,12
905,417675,2024-03-14 16:50:21,user,ложь,2024-03-14 17:38:40,12
906,417675,2024-03-14 16:50:21,user,Люди могут стоять,2024-03-14 17:38:44,12
907,417675,2024-03-14 16:50:21,user,Некоторые,2024-03-14 17:38:49,12
908,417675,2024-03-14 16:50:21,user,там стоят,2024-03-14 17:38:49,12
909,417675,2024-03-14 16:50:21,user,У нас не пронумеровано,2024-03-14 17:39:02,12
910,417675,2024-03-14 16:50:21,user,чебурашка на крыше гонял)),2024-03-14 17:39:13,12
911,417675,2024-03-14 16:50:21,user,вагоны сами являются массивом,2024-03-14 17:39:18,12
912,417675,2024-03-14 16:50:21,user,у нас 1 общий вагон ),2024-03-14 17:39:24,12
913,417675,2024-03-14 16:50:21,user,массив может быть из одного элемента?,2024-03-14 17:39:31,12
914,417675,2024-03-14 16:50:21,user,фейс контрроль,2024-03-14 17:39:31,12
915,417675,2024-03-14 16:50:21,user,если в европе то да в росси нет),2024-03-14 17:39:38,12
916,417675,2024-03-14 16:50:21,user,ложьььь,2024-03-14 17:39:44,12
917,417675,2024-03-14 16:50:21,user,места не пронумероаны,2024-03-14 17:40:06,12
918,417675,2024-03-14 16:50:21,user,а они друг на други будут))),2024-03-14 17:40:09,12
919,417675,2024-03-14 16:50:21,user,Не считается,2024-03-14 17:40:10,12
920,417675,2024-03-14 16:50:21,user,"дело не в билетах, а в самой фан зоне",2024-03-14 17:40:16,12
921,417675,2024-03-14 16:50:21,user,там места стоячие)),2024-03-14 17:40:16,12
922,417675,2024-03-14 16:50:21,user,кино да,2024-03-14 17:40:24,12
923,417675,2024-03-14 16:50:21,user,в фанзоне нет определённых мест,2024-03-14 17:40:26,12
924,417675,2024-03-14 16:50:21,user,здесь хаотичное их расположение,2024-03-14 17:40:28,12
925,417675,2024-03-14 16:50:21,user,места пронумерованы,2024-03-14 17:40:28,12
926,417675,2024-03-14 16:50:21,user,"Расположение ""объектов"" хаотичное",2024-03-14 17:40:29,12
927,417675,2024-03-14 16:50:21,user,там правило,2024-03-14 17:40:29,12
928,417675,2024-03-14 16:50:21,user,Точки отсчета нет,2024-03-14 17:40:33,12
929,417675,2024-03-14 16:50:21,user,там есть ячейки,2024-03-14 17:40:40,12
930,417675,2024-03-14 16:50:21,user,ячейка остается,2024-03-14 17:40:43,12
931,417675,2024-03-14 16:50:21,user,"Это странная аналогия, везде по разному",2024-03-14 17:40:48,12
932,417675,2024-03-14 16:50:21,user,любая толпа может быть массивом),2024-03-14 17:40:50,12
933,417675,2024-03-14 16:50:21,user,номеров нет,2024-03-14 17:40:51,12
934,417675,2024-03-14 16:50:21,user,Начало есть у массива и порядковый номер,2024-03-14 17:41:03,12
935,417675,2024-03-14 16:50:21,user,место в поезде или номер кресла,2024-03-14 17:41:06,12
936,417675,2024-03-14 16:50:21,user,"да, каждый шкафчик это массив",2024-03-14 17:41:40,12
937,417675,2024-03-14 16:50:21,user,есть индекс и значение,2024-03-14 17:41:55,12
938,417675,2024-03-14 16:50:21,user,не в этом смысл,2024-03-14 17:41:56,12
939,417675,2024-03-14 16:50:21,user,по этому новмеру можно узнать владельца,2024-03-14 17:42:16,12
940,417675,2024-03-14 16:50:21,user,"шкафчики - это масив, один шкафчик - не масив",2024-03-14 17:42:20,12
941,417675,2024-03-14 16:50:21,user,вещи его выкинут),2024-03-14 17:42:40,12
942,417675,2024-03-14 16:50:21,user,пронумерованный шкафчикЁ,2024-03-14 17:42:49,12
943,417675,2024-03-14 16:50:21,user,о; 2024-03-14T17:42:58.526Z,2024-03-14 17:42:58,12
944,417675,2024-03-14 16:50:21,user,87; 2024-03-14T17:43:01.617Z,2024-03-14 17:43:01,12
945,417675,2024-03-14 16:50:21,user,zero,2024-03-14 17:43:04,12
946,417675,2024-03-14 16:50:21,user,аххахаххаххаха,2024-03-14 17:43:07,13
947,417675,2024-03-14 16:50:21,user,На лекции было сказано,2024-03-14 17:43:07,12
948,417675,2024-03-14 16:50:21,user,не успел),2024-03-14 17:43:10,12
949,417675,2024-03-14 16:50:21,user,он уже прочел ответ,2024-03-14 17:43:20,12
950,417675,2024-03-14 16:50:21,user,"Было на лекции, 0.",2024-03-14 17:43:21,12
951,417675,2024-03-14 16:50:21,user,Он написал 0,2024-03-14 17:43:22,12
952,417675,2024-03-14 16:50:21,user,Даь,2024-03-14 17:43:31,12
953,417675,2024-03-14 16:50:21,user,В паскале 1,2024-03-14 17:43:32,12
955,417675,2024-03-14 16:50:21,user,не можно,2024-03-14 17:43:37,16
956,417675,2024-03-14 16:50:21,user,нельзя это дефолт,2024-03-14 17:43:46,16
957,417675,2024-03-14 16:50:21,user,ахаха нельзя,2024-03-14 17:43:53,16
958,417675,2024-03-14 16:50:21,user,тогда нужно считать от 1 до 256,2024-03-14 17:43:56,12
959,417675,2024-03-14 16:50:21,user,а((,2024-03-14 17:44:00,12
961,417675,2024-03-14 16:50:21,user,Завалили бедного,2024-03-14 17:44:08,12
963,417675,2024-03-14 16:50:21,user,"на то он и первый, что нулевой!))",2024-03-14 17:44:08,12
966,417675,2024-03-14 16:50:21,user,"Магомед, это было в лекции",2024-03-14 17:44:42,12
968,417675,2024-03-14 16:50:21,user,чтобы не вычитать 1,2024-03-14 17:44:55,12
969,417675,2024-03-14 16:50:21,user,потому что 0000 - FFFF,2024-03-14 17:44:56,12
970,417675,2024-03-14 16:50:21,user,"Магомед это на 2 лекции было, просто примите что индексация начинается с нуля)",2024-03-14 17:45:02,12
972,417675,2024-03-14 16:50:21,user,программистам не нравится делать лишний рассчет,2024-03-14 17:45:04,12
974,417675,2024-03-14 16:50:21,user,разума,2024-03-14 17:45:05,12
977,417675,2024-03-14 16:50:21,user,"смысла нет, лишеня нагрузга на ЦП",2024-03-14 17:45:39,12
978,417675,2024-03-14 16:50:21,user,Просто использовать <10 и всё будет ок,2024-03-14 17:45:40,12
979,417675,2024-03-14 16:50:21,user,поэтому начинается с 0,2024-03-14 17:45:51,12
981,417675,2024-03-14 16:50:21,user,Пятница 13ое,2024-03-14 17:46:04,12
982,417675,2024-03-14 16:50:21,user,3+10,2024-03-14 17:46:08,12
983,417675,2024-03-14 16:50:21,user,13; 2024-03-14T17:46:18.606Z,2024-03-14 17:46:18,12
984,417675,2024-03-14 16:50:21,user,не смотри в чат,2024-03-14 17:46:19,12
985,417675,2024-03-14 16:50:21,user,игрушка дьявола,2024-03-14 17:46:33,12
986,417675,2024-03-14 16:50:21,user,давай в чате неправильные ответы писать),2024-03-14 17:46:40,16
987,417675,2024-03-14 16:50:21,user,"Выход на ""да""",2024-03-14 17:46:45,12
988,417675,2024-03-14 16:50:21,user,более 40 если input,2024-03-14 17:46:48,12
992,417675,2024-03-14 16:50:21,user,не в этом беда то),2024-03-14 17:47:08,12
993,417675,2024-03-14 16:50:21,user,правильное расположение на yes или No,2024-03-14 17:47:16,12
996,417675,2024-03-14 16:50:21,user,16; 2024-03-14T17:47:45.924Z,2024-03-14 17:47:45,12
997,417675,2024-03-14 16:50:21,user,16; 2024-03-14T17:47:51.863Z,2024-03-14 17:47:51,12
998,417675,2024-03-14 16:50:21,user,тю 16,2024-03-14 17:47:58,12
1001,321813,2024-03-02 12:56:26,user,пока; 2024-03-02T14:29:01.773Z,2024-03-02 14:29:01,20
1002,321813,2024-03-02 12:56:26,user,пока; 2024-03-02T14:29:07.513Z,2024-03-02 14:29:07,20
1003,321813,2024-03-02 12:56:26,user,досвидания; 2024-03-02T14:29:08.331Z,2024-03-02 14:29:08,20
1004,321813,2024-03-02 12:56:26,user,всем привет,2024-03-02 12:58:55,1
1005,321813,2024-03-02 12:56:26,user,салам,2024-03-02 12:59:03,1
1006,321813,2024-03-02 12:56:26,user,здравствуйте,2024-03-02 12:59:12,1
1009,321813,2024-03-02 12:56:26,user,но не работает,2024-03-02 12:59:29,1
1012,321813,2024-03-02 12:56:26,user,почему нас толькоидвое,2024-03-02 12:59:55,12
1013,321813,2024-03-02 12:56:26,user,ой,2024-03-02 13:00:01,1
1014,321813,2024-03-02 12:56:26,user,да сеня тот же вопрос,2024-03-02 13:00:12,1
1015,321813,2024-03-02 12:56:26,user,"Аня, ку",2024-03-02 13:01:00,1
1016,321813,2024-03-02 12:56:26,user,здарова,2024-03-02 13:01:09,1
1017,321813,2024-03-02 12:56:26,user,привет,2024-03-02 13:01:11,1
1018,321813,2024-03-02 12:56:26,user,Андрюха не придет,2024-03-02 13:01:32,12
1019,321813,2024-03-02 12:56:26,user,Саня опоздает,2024-03-02 13:01:36,12
1020,321813,2024-03-02 12:56:26,user,Саши тож не юудет,2024-03-02 13:01:54,12
1023,321813,2024-03-02 12:56:26,user,"он писал, что уехал по делам и просто не успевает вовремя на занятие",2024-03-02 13:02:35,12
1024,321813,2024-03-02 12:56:26,user,а чё ты у меня спрашиваешь у него спроси,2024-03-02 13:03:08,1
1025,321813,2024-03-02 12:56:26,user,меклис привет,2024-03-02 13:03:19,12
1026,321813,2024-03-02 12:56:26,user,ну типо ты сказала что его не будет,2024-03-02 13:03:23,1
1027,321813,2024-03-02 12:56:26,user,"Меклис, ку",2024-03-02 13:03:28,12
1028,321813,2024-03-02 12:56:26,user,саша сказал то что его не будет,2024-03-02 13:04:39,12
1029,321813,2024-03-02 12:56:26,user,не факт,2024-03-02 13:05:02,12
1030,321813,2024-03-02 12:56:26,user,Президент,2024-03-02 13:10:07,17
1031,321813,2024-03-02 12:56:26,user,должны быть,2024-03-02 13:11:38,12
1032,321813,2024-03-02 12:56:26,user,"блин, уже 29 урок",2024-03-02 13:11:40,12
1033,321813,2024-03-02 12:56:26,user,скоро мы не будем видиться каждую неделю(,2024-03-02 13:11:51,12
1034,321813,2024-03-02 12:56:26,user,ага,2024-03-02 13:11:59,12
1035,321813,2024-03-02 12:56:26,user,даа,2024-03-02 13:12:04,12
1041,321813,2024-03-02 12:56:26,user,of,2024-03-02 13:21:18,12
1042,321813,2024-03-02 12:56:26,user,ща,2024-03-02 13:21:20,12
1047,321813,2024-03-02 12:56:26,user,ок,2024-03-02 13:25:11,12
1055,321813,2024-03-02 12:56:26,user,первый готов,2024-03-02 13:39:25,12
1057,321813,2024-03-02 12:56:26,user,нашего,2024-03-02 13:40:23,12
1058,321813,2024-03-02 12:56:26,user,да,2024-03-02 13:40:33,12
1061,321813,2024-03-02 12:56:26,user,заказ еды,2024-03-02 13:51:07,12
1062,321813,2024-03-02 12:56:26,user,прослушивание музыки,2024-03-02 13:51:23,12
1064,321813,2024-03-02 12:56:26,user,продажа одежды,2024-03-02 13:52:02,12
1065,321813,2024-03-02 12:56:26,user,не,2024-03-02 13:53:13,12
1066,321813,2024-03-02 12:56:26,user,ура,2024-03-02 13:53:26,12
1068,321813,2024-03-02 12:56:26,user,gjyznyj,2024-03-02 14:00:40,15
1073,321813,2024-03-02 12:56:26,user,а,2024-03-02 14:05:32,12
1077,321813,2024-03-02 12:56:26,user,красно желтый,2024-03-02 14:27:20,12
1078,321813,2024-03-02 12:56:26,user,красный,2024-03-02 14:27:20,12
1079,321813,2024-03-02 12:56:26,user,красно-желтый,2024-03-02 14:27:24,12
1080,321814,2024-03-09 12:50:28,user,Здравия желаю,2024-03-09 12:59:48,1
1081,321814,2024-03-09 12:50:28,user,Отставить,2024-03-09 13:00:36,12
1082,321814,2024-03-09 12:50:28,user,"Сержант, посему не на учениях?",2024-03-09 13:00:52,12
1083,321814,2024-03-09 12:50:28,user,"Спал, товарищ лейтенант",2024-03-09 13:01:12,12
1084,321814,2024-03-09 12:50:28,user,"Какой я вам лейтинант, ты говоришь с начальником роты",2024-03-09 13:01:48,12
1085,321814,2024-03-09 12:50:28,user,Марш на учения,2024-03-09 13:02:11,12
1086,321814,2024-03-09 12:50:28,user,"извиняюсь, начальник роты",2024-03-09 13:02:14,12
1087,321814,2024-03-09 12:50:28,user,стартую,2024-03-09 13:02:21,12
1088,321814,2024-03-09 12:50:28,user,Тотоже,2024-03-09 13:02:26,12
1089,321814,2024-03-09 12:50:28,user,хахаха,2024-03-09 13:02:40,12
1094,321814,2024-03-09 12:50:28,user,"нам не хватает товарища лейтенанта, прапорщика,",2024-03-09 13:03:10,12
1095,321814,2024-03-09 12:50:28,user,товарища копа,2024-03-09 13:03:21,12
1097,321814,2024-03-09 12:50:28,user,коп,2024-03-09 13:04:31,12
1098,321814,2024-03-09 12:50:28,user,мент,2024-03-09 13:04:33,12
1100,321814,2024-03-09 12:50:28,user,Так говорите правильно,2024-03-09 13:04:56,12
1101,321814,2024-03-09 12:50:28,user,Товарища мелиционера,2024-03-09 13:05:06,12
1102,321814,2024-03-09 12:50:28,user,"ну ладно, товарища копчика",2024-03-09 13:05:09,12
1103,321814,2024-03-09 12:50:28,user,милиционера,2024-03-09 13:05:12,12
1104,321814,2024-03-09 12:50:28,user,здравьте,2024-03-09 13:05:14,1
1105,321814,2024-03-09 12:50:28,user,Зрасте,2024-03-09 13:05:15,1
1106,321814,2024-03-09 12:50:28,user,Здрасьте*; 2024-03-09T13:05:19.867Z,2024-03-09 13:05:19,1
1108,321814,2024-03-09 12:50:28,user,турагенство,2024-03-09 13:05:55,12
1109,321814,2024-03-09 12:50:28,user,опа,2024-03-09 13:06:14,12
1110,321814,2024-03-09 12:50:28,user,афигеть,2024-03-09 13:09:48,12
1112,321814,2024-03-09 12:50:28,user,дальше,2024-03-09 13:14:00,12
1116,321814,2024-03-09 12:50:28,user,блин,2024-03-09 13:28:25,12
1121,321814,2024-03-09 12:50:28,user,я тут,2024-03-09 13:44:49,12
1122,321814,2024-03-09 12:50:28,user,я,2024-03-09 13:44:59,12
1124,321814,2024-03-09 12:50:28,user,та и писал*,2024-03-09 13:46:13,1
1131,321814,2024-03-09 12:50:28,user,понял,2024-03-09 14:07:25,12
1134,321814,2024-03-09 12:50:28,user,сейчас?,2024-03-09 14:28:45,12
1135,321814,2024-03-09 12:50:28,user,покаааа; 2024-03-09T14:30:15.410Z,2024-03-09 14:30:15,1
1142,321815,2024-03-16 12:53:39,user,я пока делаю,2024-03-16 13:39:37,12
1143,321815,2024-03-16 12:53:39,user,сразу дизайн,2024-03-16 13:40:21,12
1145,321815,2024-03-16 12:53:39,user,ну ладно,2024-03-16 13:40:49,12
1146,321815,2024-03-16 12:53:39,user,я поверх делала,2024-03-16 13:41:50,12
1152,321815,2024-03-16 12:53:39,user,ну типо вдруг клавиатура отказала,2024-03-16 13:56:47,12
1156,321815,2024-03-16 12:53:39,user,не видно,2024-03-16 14:00:54,12
1159,321815,2024-03-16 12:53:39,user,неа,2024-03-16 14:01:37,12
1161,321815,2024-03-16 12:53:39,user,нет,2024-03-16 14:02:08,12
1164,321815,2024-03-16 12:53:39,user,есть,2024-03-16 14:03:07,12
1165,321815,2024-03-16 12:53:39,user,работает,2024-03-16 14:03:08,12
1176,321815,2024-03-16 12:53:39,user,ну дааа,2024-03-16 14:23:36,12
1179,321815,2024-03-16 12:53:39,user,ааааааа,2024-03-16 14:24:32,12
1180,321815,2024-03-16 12:53:39,user,ух,2024-03-16 14:24:32,12
1185,321815,2024-03-16 12:53:39,user,девочки пока что),2024-03-16 14:25:02,12
1187,321815,2024-03-16 12:53:39,user,пхавпхпхфахыфавхфы,2024-03-16 14:25:19,12
1188,321815,2024-03-16 12:53:39,user,аххах,2024-03-16 14:25:21,12
1189,321815,2024-03-16 12:53:39,user,иеклис,2024-03-16 14:25:32,12
1195,321815,2024-03-16 12:53:39,user,хахахаха,2024-03-16 14:26:12,12
1196,321815,2024-03-16 12:53:39,user,ну да),2024-03-16 14:26:22,12
1198,321815,2024-03-16 12:53:39,user,аша,2024-03-16 14:26:26,12
1204,321815,2024-03-16 12:53:39,user,о,2024-03-16 14:27:59,12
1213,321815,2024-03-16 12:53:39,user,аааа дааа,2024-03-16 14:29:28,12
1216,321815,2024-03-16 12:53:39,user,хорошо,2024-03-16 14:31:16,12
1220,321815,2024-03-16 12:53:39,user,пока; 2024-03-16T14:33:17.121Z,2024-03-16 14:33:17,12
1221,321815,2024-03-16 12:53:39,user,до свидания; 2024-03-16T14:33:18.555Z,2024-03-16 14:33:18,12
1222,321816,2024-03-23 12:51:59,user,Привет!,2024-03-23 12:56:33,12
1225,321816,2024-03-23 12:51:59,user,"да, готов",2024-03-23 12:56:44,12
1228,321816,2024-03-23 12:51:59,user,ща посмотрим,2024-03-23 12:57:30,12
1229,321816,2024-03-23 12:51:59,user,аня,2024-03-23 12:57:41,12
1230,321816,2024-03-23 12:51:59,user,о спасибо,2024-03-23 12:57:48,12
1237,321816,2024-03-23 12:51:59,user,чутка есть,2024-03-23 12:59:24,12
1238,321816,2024-03-23 12:51:59,user,ну да,2024-03-23 12:59:31,12
1240,321816,2024-03-23 12:51:59,user,ппц,2024-03-23 12:59:39,12
1241,321816,2024-03-23 12:51:59,user,это как,2024-03-23 12:59:44,12
1245,321816,2024-03-23 12:51:59,user,ну такое себе,2024-03-23 13:00:52,12
1247,321816,2024-03-23 12:51:59,user,есть такое,2024-03-23 13:02:15,12
1249,321816,2024-03-23 12:51:59,user,ютубчик),2024-03-23 13:03:04,12
1250,321816,2024-03-23 12:51:59,user,ну не совсем так,2024-03-23 13:03:09,12
1254,321816,2024-03-23 12:51:59,user,ждем,2024-03-23 13:03:39,12
1255,321816,2024-03-23 12:51:59,user,Привеееет!,2024-03-23 13:04:11,1
1256,321816,2024-03-23 12:51:59,user,не со мной,2024-03-23 13:04:28,12
1257,321816,2024-03-23 12:51:59,user,со мной,2024-03-23 13:04:32,12
1261,321816,2024-03-23 12:51:59,user,та все будет хорошо,2024-03-23 13:05:12,12
1262,321816,2024-03-23 12:51:59,user,ужас,2024-03-23 13:05:13,12
1265,321816,2024-03-23 12:51:59,user,я с ником Hhru,2024-03-23 13:05:30,12
1267,321816,2024-03-23 12:51:59,user,у меня тоже,2024-03-23 13:05:49,12
1276,321816,2024-03-23 12:51:59,user,мне тоже,2024-03-23 13:10:06,12
1277,321816,2024-03-23 12:51:59,user,согл,2024-03-23 13:10:11,12
1278,321816,2024-03-23 12:51:59,user,ааааа,2024-03-23 13:10:14,12
1283,321816,2024-03-23 12:51:59,user,и у меня,2024-03-23 13:12:29,12
1285,321816,2024-03-23 12:51:59,user,не грузит,2024-03-23 13:13:00,12
1286,321816,2024-03-23 12:51:59,user,lf,2024-03-23 13:13:03,12
1287,321816,2024-03-23 12:51:59,user,у мен,2024-03-23 13:13:09,12
1296,321816,2024-03-23 12:51:59,user,оу ноу,2024-03-23 13:16:48,12
1297,321816,2024-03-23 12:51:59,user,ааа,2024-03-23 13:16:54,12
1298,321816,2024-03-23 12:51:59,user,нееет,2024-03-23 13:16:55,12
1300,321816,2024-03-23 12:51:59,user,хахаах,2024-03-23 13:17:03,12
1301,321816,2024-03-23 12:51:59,user,все хорошо,2024-03-23 13:17:08,12
1304,321816,2024-03-23 12:51:59,user,с камерой),2024-03-23 13:17:24,12
1308,321816,2024-03-23 12:51:59,user,эх,2024-03-23 13:18:59,12
1313,321816,2024-03-23 12:51:59,user,отлично,2024-03-23 13:24:10,12
1314,321816,2024-03-23 12:51:59,user,это вау,2024-03-23 13:24:11,12
1315,321816,2024-03-23 12:51:59,user,супер,2024-03-23 13:24:15,12
1316,321816,2024-03-23 12:51:59,user,жиза,2024-03-23 13:24:17,12
1317,321816,2024-03-23 12:51:59,user,классно,2024-03-23 13:24:21,12
1319,321816,2024-03-23 12:51:59,user,ноут не выдержит,2024-03-23 13:24:47,12
1321,321816,2024-03-23 12:51:59,user,теперь..,2024-03-23 13:25:02,12
1322,321816,2024-03-23 12:51:59,user,все,2024-03-23 13:25:05,12
1333,321816,2024-03-23 12:51:59,user,а если у меня проект на 30 секунд? хаыхваых,2024-03-23 13:28:32,12
1334,321816,2024-03-23 12:51:59,user,"все хорошо, спасибо арс",2024-03-23 13:28:47,12
1335,321816,2024-03-23 12:51:59,user,презентация*,2024-03-23 13:28:49,12
1336,321816,2024-03-23 12:51:59,user,миленькая цветовая гамма,2024-03-23 13:29:11,12
1337,321816,2024-03-23 12:51:59,user,а мне нравится,2024-03-23 13:29:52,12
1340,321816,2024-03-23 12:51:59,user,жди,2024-03-23 13:30:37,12
1341,321816,2024-03-23 12:51:59,user,мне тоже нравится,2024-03-23 13:30:55,12
1346,321816,2024-03-23 12:51:59,user,было не так страшно,2024-03-23 13:31:37,12
1348,321816,2024-03-23 12:51:59,user,"я испугался, у меня флешка с интернетом вылетела",2024-03-23 13:37:41,12
1349,321816,2024-03-23 12:51:59,user,очень крутая и интересная задумка (тема) приложения!,2024-03-23 13:37:56,12
1354,321816,2024-03-23 12:51:59,user,мне очень понравилось,2024-03-23 13:40:04,12
1355,321816,2024-03-23 12:51:59,user,очень классно получилось,2024-03-23 13:40:25,12
1358,321816,2024-03-23 12:51:59,user,Вопросов 0,2024-03-23 13:41:25,12
1359,321816,2024-03-23 12:51:59,user,классное приложение,2024-03-23 13:41:30,12
1362,321816,2024-03-23 12:51:59,user,ну не знаю),2024-03-23 13:42:10,12
1363,321816,2024-03-23 12:51:59,user,пжж,2024-03-23 13:42:14,12
1366,321816,2024-03-23 12:51:59,user,я хоть несколько слов возьму,2024-03-23 13:42:27,12
1367,321816,2024-03-23 12:51:59,user,так у меня и проект огромный,2024-03-23 13:42:38,12
1374,321816,2024-03-23 12:51:59,user,даааа,2024-03-23 13:43:39,12
1375,321816,2024-03-23 12:51:59,user,можно еще раз тему?,2024-03-23 13:43:58,12
1376,321816,2024-03-23 12:51:59,user,переводчик вроде,2024-03-23 13:44:09,12
1378,321816,2024-03-23 12:51:59,user,ничего себе задумка,2024-03-23 13:45:42,12
1379,321816,2024-03-23 12:51:59,user,мне понравилось,2024-03-23 13:45:56,12
1380,321816,2024-03-23 12:51:59,user,"очень красочно, и приятно смотреть",2024-03-23 13:46:16,12
1381,321816,2024-03-23 12:51:59,user,дуолинго,2024-03-23 13:46:21,12
1384,321816,2024-03-23 12:51:59,user,"есть комментарий, проект идеальный",2024-03-23 13:47:21,12
1385,321816,2024-03-23 12:51:59,user,идея классная,2024-03-23 13:47:23,12
1387,321816,2024-03-23 12:51:59,user,давайте перерыв,2024-03-23 13:47:47,12
1389,321816,2024-03-23 12:51:59,user,андрей,2024-03-23 13:47:52,12
1391,321816,2024-03-23 12:51:59,user,а то мы все молчим,2024-03-23 13:48:10,12
1392,321816,2024-03-23 12:51:59,user,сразу идея хорошая,2024-03-23 13:49:03,12
1393,321816,2024-03-23 12:51:59,user,согласен,2024-03-23 13:49:10,12
1394,321816,2024-03-23 12:51:59,user,продуманно да,2024-03-23 13:49:12,12
1395,321816,2024-03-23 12:51:59,user,очень классно,2024-03-23 13:51:04,12
1396,321816,2024-03-23 12:51:59,user,мне очень нравится,2024-03-23 13:51:19,12
1397,321816,2024-03-23 12:51:59,user,имба проект,2024-03-23 13:51:24,12
1399,321816,2024-03-23 12:51:59,user,очень красивый,2024-03-23 13:51:41,12
1400,321816,2024-03-23 12:51:59,user,у всех очень классные проекты,2024-03-23 13:51:51,12
1401,321816,2024-03-23 12:51:59,user,пропал,2024-03-23 13:53:52,12
1402,321816,2024-03-23 12:51:59,user,да ну нет,2024-03-23 13:53:57,12
1404,321816,2024-03-23 12:51:59,user,ахаахаха,2024-03-23 13:54:02,12
1406,321816,2024-03-23 12:51:59,user,щас щас щас,2024-03-23 13:54:07,12
1407,321816,2024-03-23 12:51:59,user,ахаахах,2024-03-23 13:54:09,12
1408,321816,2024-03-23 12:51:59,user,а ну ладно,2024-03-23 13:54:10,12
1409,321816,2024-03-23 12:51:59,user,очень классно же,2024-03-23 13:55:35,12
1410,321816,2024-03-23 12:51:59,user,аккуратненко,2024-03-23 13:55:48,12
1411,321816,2024-03-23 12:51:59,user,все молодцы вообще,2024-03-23 13:56:11,12
1412,321816,2024-03-23 12:51:59,user,хахахах,2024-03-23 13:56:17,12
1415,321816,2024-03-23 12:51:59,user,ниче себе красиво,2024-03-23 13:59:15,12
1416,321816,2024-03-23 12:51:59,user,"круто! детально, многофункционально, красочно красиво, как будто в мультике
Анимации потрясающие)",2024-03-23 14:01:35,12
1417,321816,2024-03-23 12:51:59,user,это вообще законно так идеально делать,2024-03-23 14:01:38,12
1418,321816,2024-03-23 12:51:59,user,я в шоке,2024-03-23 14:01:47,12
1419,321816,2024-03-23 12:51:59,user,это супер,2024-03-23 14:01:53,12
1420,321816,2024-03-23 12:51:59,user,все так продуманно,2024-03-23 14:01:54,12
1421,321816,2024-03-23 12:51:59,user,вау,2024-03-23 14:01:59,12
1422,321816,2024-03-23 12:51:59,user,согласна,2024-03-23 14:02:06,12
1424,321816,2024-03-23 12:51:59,user,это очень круто,2024-03-23 14:02:19,12
1425,321816,2024-03-23 12:51:59,user,шок,2024-03-23 14:02:23,12
1426,321816,2024-03-23 12:51:59,user,очень красиво,2024-03-23 14:02:34,12
1427,321816,2024-03-23 12:51:59,user,ШООК,2024-03-23 14:02:37,12
1428,321816,2024-03-23 12:51:59,user,анимированые картинки,2024-03-23 14:03:55,12
1429,321816,2024-03-23 12:51:59,user,гифки,2024-03-23 14:04:05,12
1432,321816,2024-03-23 12:51:59,user,"Саня, просто имба проект",2024-03-23 14:05:34,12
1433,321816,2024-03-23 12:51:59,user,"нет, все шикарно",2024-03-23 14:05:46,12
1436,321816,2024-03-23 12:51:59,user,ничего себе,2024-03-23 14:06:55,12
1438,321816,2024-03-23 12:51:59,user,я вот не могу представить что Саня сделает например за год,2024-03-23 14:08:31,12
1439,321816,2024-03-23 12:51:59,user,ну реально красиво прям,2024-03-23 14:08:40,12
1440,321816,2024-03-23 12:51:59,user,когда начинаешь рассказывать уже не страшно,2024-03-23 14:09:18,12
1441,321816,2024-03-23 12:51:59,user,щас подождите,2024-03-23 14:09:40,12
1442,321816,2024-03-23 12:51:59,user,она у меня разбита и заклеена ахах,2024-03-23 14:09:48,12
1443,321816,2024-03-23 12:51:59,user,у меня темно,2024-03-23 14:09:48,12
1444,321816,2024-03-23 12:51:59,user,я не смогу(,2024-03-23 14:09:57,12
1445,321816,2024-03-23 12:51:59,user,у меня беспорядок на фоне,2024-03-23 14:10:00,12
1446,321816,2024-03-23 12:51:59,user,мы перед занятием стол собирали новый,2024-03-23 14:10:08,12
1447,321816,2024-03-23 12:51:59,user,фотайте тех кто есть,2024-03-23 14:10:29,12
1448,321816,2024-03-23 12:51:59,user,"у меня знаете, сушилка на диване, парта у кресла, собака чуть ли не на потолке",2024-03-23 14:11:24,12
1449,321816,2024-03-23 12:51:59,user,живу в 1 комнате с сестрой блин,2024-03-23 14:11:50,12
1452,321816,2024-03-23 12:51:59,user,чат GPT,2024-03-23 14:14:16,12
1453,321816,2024-03-23 12:51:59,user,этот чат классный очень,2024-03-23 14:14:32,14
1454,321816,2024-03-23 12:51:59,user,я тоже,2024-03-23 14:14:53,12
1459,321816,2024-03-23 12:51:59,user,"опа, 2 скидка",2024-03-23 14:16:47,12
1460,321816,2024-03-23 12:51:59,user,давайте,2024-03-23 14:16:53,12
1461,321816,2024-03-23 12:51:59,user,а вы скините сертификат в бумажном виде?,2024-03-23 14:17:54,12
1462,321816,2024-03-23 12:51:59,user,мама этого ждет,2024-03-23 14:18:05,12
1463,321816,2024-03-23 12:51:59,user,хотите прикол?,2024-03-23 14:18:48,12
1464,321816,2024-03-23 12:51:59,user,Сертификат Создомов Арсений 27 января,2024-03-23 14:19:02,12
1465,321816,2024-03-23 12:51:59,user,2024,2024-03-23 14:19:10,12
1466,321816,2024-03-23 12:51:59,user,73 февраля 8095 года,2024-03-23 14:20:00,12
1467,321816,2024-03-23 12:51:59,user,а где еще раз сертификат,2024-03-23 14:20:26,12
1469,321816,2024-03-23 12:51:59,user,давайте на последок обнимемся,2024-03-23 14:21:21,12
1470,321816,2024-03-23 12:51:59,user,"о, а подарки я люблю",2024-03-23 14:21:53,12
1471,321816,2024-03-23 12:51:59,user,ваау,2024-03-23 14:22:16,12
1472,321816,2024-03-23 12:51:59,user,Спасибо!!!!,2024-03-23 14:23:33,14
1473,321816,2024-03-23 12:51:59,user,вам тоже спасибо большое,2024-03-23 14:23:34,14
1474,321816,2024-03-23 12:51:59,user,и вам спасибо,2024-03-23 14:23:41,14
1475,321816,2024-03-23 12:51:59,user,Спасибо),2024-03-23 14:23:41,14
1476,321816,2024-03-23 12:51:59,user,буду скучать по всем,2024-03-23 14:23:48,12
1477,321816,2024-03-23 12:51:59,user,спасибо вам,2024-03-23 14:23:50,14
1478,321816,2024-03-23 12:51:59,user,я тоже буду скучать по урокам,2024-03-23 14:24:01,12
1479,321816,2024-03-23 12:51:59,user,и всем вам,2024-03-23 14:24:34,14
1480,321816,2024-03-23 12:51:59,user,досвидания!; 2024-03-23T14:24:50.754Z,2024-03-23 14:24:50,12
1481,321816,2024-03-23 12:51:59,user,пока(; 2024-03-23T14:24:52.487Z,2024-03-23 14:24:52,12
1482,321816,2024-03-23 12:51:59,user,всем успехов; 2024-03-23T14:24:54.799Z,2024-03-23 14:24:54,14
1483,321816,2024-03-23 12:51:59,user,а обняться; 2024-03-23T14:24:55.090Z,2024-03-23 14:24:55,12
1484,321816,2024-03-23 12:51:59,user,покаа(; 2024-03-23T14:24:55.829Z,2024-03-23 14:24:55,12
1485,321816,2024-03-23 12:51:59,user,покаа; 2024-03-23T14:24:58.906Z,2024-03-23 14:24:58,12
1486,323051,2024-03-03 07:50:37,user,что-то нас много,2024-03-03 08:00:41,12
1487,323051,2024-03-03 07:50:37,user,слишком,2024-03-03 08:00:53,12
1495,323051,2024-03-03 07:50:37,user,не зн,2024-03-03 08:01:44,12
1496,323051,2024-03-03 07:50:37,user,не знаю,2024-03-03 08:01:44,12
1499,323051,2024-03-03 07:50:37,user,было бы время мб бы доделал,2024-03-03 08:02:04,12
1500,323051,2024-03-03 07:50:37,user,у нас учитель 8 часов назад в онлайне был,2024-03-03 08:02:12,12
1501,323051,2024-03-03 07:50:37,user,мне кажется он может не зайти),2024-03-03 08:02:19,12
1503,323051,2024-03-03 07:50:37,user,мне 2 проекта надо делать,2024-03-03 08:02:35,12
1508,323051,2024-03-03 07:50:37,user,я сначала хотел бота сделать но что то перезахотелось,2024-03-03 08:03:18,12
1509,323051,2024-03-03 07:50:37,user,былти,2024-03-03 08:03:21,12
1510,323051,2024-03-03 07:50:37,user,были*?,2024-03-03 08:03:27,12
1511,323051,2024-03-03 07:50:37,user,да бот это дичь какая-то,2024-03-03 08:03:32,12
1513,323051,2024-03-03 07:50:37,user,такая мутная темка,2024-03-03 08:03:42,12
1517,323051,2024-03-03 07:50:37,user,"мк11,маджика 2, типа того",2024-03-03 08:03:58,12
1518,323051,2024-03-03 07:50:37,user,так я доделал,2024-03-03 08:04:10,12
1519,323051,2024-03-03 07:50:37,user,плохое,2024-03-03 08:04:20,12
1520,323051,2024-03-03 07:50:37,user,ужс,2024-03-03 08:04:28,12
1521,323051,2024-03-03 07:50:37,user,я вам писал,2024-03-03 08:04:46,12
1522,323051,2024-03-03 07:50:37,user,вы только сейчас зашли,2024-03-03 08:04:54,12
1523,323051,2024-03-03 07:50:37,user,в телеграм всмысле,2024-03-03 08:04:59,12
1524,323051,2024-03-03 07:50:37,user,все равно-страшно,2024-03-03 08:05:17,12
1525,323051,2024-03-03 07:50:37,user,"о,ура",2024-03-03 08:05:32,12
1526,323051,2024-03-03 07:50:37,user,через неделю?,2024-03-03 08:05:32,12
1527,323051,2024-03-03 07:50:37,user,я на перездачу,2024-03-03 08:05:36,12
1528,323051,2024-03-03 07:50:37,user,пересдачу*,2024-03-03 08:05:43,12
1529,323051,2024-03-03 07:50:37,user,2,2024-03-03 08:08:30,12
1530,323051,2024-03-03 07:50:37,user,че-та много,2024-03-03 08:09:58,12
1531,323051,2024-03-03 07:50:37,user,награду? сертификат всмысле?,2024-03-03 08:09:59,12
1540,323051,2024-03-03 07:50:37,user,поропубуй,2024-03-03 08:14:00,12
1543,323051,2024-03-03 07:50:37,user,у меня только собака,2024-03-03 08:25:47,12
1544,323051,2024-03-03 07:50:37,user,я щас приду(мне отойти надо),2024-03-03 08:25:50,12
1545,323051,2024-03-03 07:50:37,user,у меня кот,2024-03-03 08:25:54,12
1547,323051,2024-03-03 07:50:37,user,бро ушел куда то,2024-03-03 08:28:25,12
1548,323051,2024-03-03 07:50:37,user,ф вроде выполнил свое персональное дз,2024-03-03 08:28:57,12
1549,323051,2024-03-03 07:50:37,user,я*,2024-03-03 08:28:59,12
1551,323051,2024-03-03 07:50:37,user,откуда,2024-03-03 08:29:16,12
1552,323051,2024-03-03 07:50:37,user,вроде!,2024-03-03 08:29:17,12
1553,323051,2024-03-03 07:50:37,user,нашел,2024-03-03 08:29:23,12
1554,323051,2024-03-03 07:50:37,user,украл микрофон бро,2024-03-03 08:29:33,12
1555,323051,2024-03-03 07:50:37,user,у меня 29 лол щтоо,2024-03-03 08:29:56,12
1556,323051,2024-03-03 07:50:37,user,"да,бро",2024-03-03 08:29:59,12
1558,323051,2024-03-03 07:50:37,user,да емае,2024-03-03 08:31:29,12
1559,323051,2024-03-03 07:50:37,user,камера видимо того,2024-03-03 08:31:39,12
1560,323051,2024-03-03 07:50:37,user,нету,2024-03-03 08:35:46,12
1578,323051,2024-03-03 07:50:37,user,перемещать в другие каналы,2024-03-03 08:42:27,12
1583,323051,2024-03-03 07:50:37,user,вроде все хорошо,2024-03-03 08:53:25,12
1585,323051,2024-03-03 07:50:37,user,нет(,2024-03-03 08:54:48,12
1590,323051,2024-03-03 07:50:37,user,вообще,2024-03-03 08:55:58,12
1595,323051,2024-03-03 07:50:37,user,так....слегка отвисла челюсть,2024-03-03 08:58:39,12
1596,323051,2024-03-03 07:50:37,user,не бойся,2024-03-03 08:58:47,12
1598,323051,2024-03-03 07:50:37,user,"ну,не зн",2024-03-03 08:58:59,12
1600,323051,2024-03-03 07:50:37,user,будэээ,2024-03-03 08:59:13,12
1602,323051,2024-03-03 07:50:37,user,что происходит,2024-03-03 08:59:52,12
1603,323051,2024-03-03 07:50:37,user,дп,2024-03-03 08:59:57,12
1606,323051,2024-03-03 07:50:37,user,Он гражданский,2024-03-03 09:02:52,12
1610,323051,2024-03-03 07:50:37,user,это ходилка бродилка,2024-03-03 09:13:28,12
1611,323051,2024-03-03 07:50:37,user,шарик ходит,2024-03-03 09:14:52,12
1612,323051,2024-03-03 07:50:37,user,"он не катается,он ходит",2024-03-03 09:15:03,12
1613,323051,2024-03-03 07:50:37,user,буткемп?,2024-03-03 09:17:57,12
1616,323051,2024-03-03 07:50:37,user,28 января,2024-03-03 09:20:08,12
1624,323051,2024-03-03 07:50:37,user,ВСЕМ УДАЧИ!!; 2024-03-03T09:25:03.027Z,2024-03-03 09:25:03,12
1625,323051,2024-03-03 07:50:37,user,"17 декабря 2023
№",,12
1627,331970,2024-03-10 07:50:24,user,privet,2024-03-10 07:52:09,12
1631,331970,2024-03-10 07:50:24,user,у меня чат,2024-03-10 08:03:14,12
1632,331970,2024-03-10 07:50:24,user,у нас текстовый ноо,2024-03-10 08:03:21,12
1633,331970,2024-03-10 07:50:24,user,у нас мультимедия вроде,2024-03-10 08:03:36,12
1636,331970,2024-03-10 07:50:24,user,Миша и Арсений,2024-03-10 08:05:48,12
1637,331970,2024-03-10 07:50:24,user,Его не будет,2024-03-10 08:06:01,12
1641,331970,2024-03-10 07:50:24,user,ok,2024-03-10 08:08:13,12
1646,331970,2024-03-10 07:50:24,user,канал,2024-03-10 08:11:50,12
1649,331970,2024-03-10 07:50:24,user,ну у нас вроде из вопросов все,2024-03-10 08:14:34,12
1650,331970,2024-03-10 07:50:24,user,cvjnh.,2024-03-10 08:15:32,12
1651,331970,2024-03-10 07:50:24,user,смотрю,2024-03-10 08:15:39,12
1658,331970,2024-03-10 07:50:24,user,работал,2024-03-10 08:29:17,12
1660,331970,2024-03-10 07:50:24,user,da,2024-03-10 08:29:42,12
1661,331970,2024-03-10 07:50:24,user,ya,2024-03-10 08:29:43,12
1662,331970,2024-03-10 07:50:24,user,cto?,2024-03-10 08:30:00,12
1665,331970,2024-03-10 07:50:24,user,kto iqraet fortnite?,2024-03-10 08:32:06,12
1667,331970,2024-03-10 07:50:24,user,ne znayu,2024-03-10 08:32:27,12
1668,331970,2024-03-10 07:50:24,user,mena ne bilo,2024-03-10 08:32:44,12
1669,331970,2024-03-10 07:50:24,user,net nebilo,2024-03-10 08:32:56,12
1672,331970,2024-03-10 07:50:24,user,hmmmmmmm,2024-03-10 08:33:19,12
1677,331970,2024-03-10 07:50:24,user,Иван а мне делать game2?,2024-03-10 08:42:00,12
1678,331970,2024-03-10 07:50:24,user,Мне кажется эта старая,2024-03-10 08:42:23,12
1689,331970,2024-03-10 07:50:24,user,ya tut,2024-03-10 09:13:06,12
1690,331970,2024-03-10 07:50:24,user,net,2024-03-10 09:13:13,12
1693,331970,2024-03-10 07:50:24,user,s lubim?,2024-03-10 09:14:11,12
1694,331970,2024-03-10 07:50:24,user,calculator,2024-03-10 09:15:32,12
1695,331970,2024-03-10 07:50:24,user,on uje qotov,2024-03-10 09:15:53,12
1696,331970,2024-03-10 07:50:24,user,eto saydot?,2024-03-10 09:21:17,12
1698,331970,2024-03-10 07:50:24,user,hmmmm,2024-03-10 09:21:45,12
1703,331970,2024-03-10 07:50:24,user,xoroso,2024-03-10 09:22:52,12
1705,331970,2024-03-10 07:50:24,user,конечно,2024-03-10 09:23:30,12
1706,331970,2024-03-10 07:50:24,user,bivayut no ya za 30 minut vso delayu,2024-03-10 09:23:59,12
1707,331970,2024-03-10 07:50:24,user,splu smotru anime,2024-03-10 09:24:45,12
1708,331970,2024-03-10 07:50:24,user,ya vso bistro delayu,2024-03-10 09:25:05,12
1709,331970,2024-03-10 07:50:24,user,neeeeet,2024-03-10 09:25:08,12
1711,331970,2024-03-10 07:50:24,user,Ладно спасибо всем и удачи всем.,2024-03-10 09:25:14,14
1712,331970,2024-03-10 07:50:24,user,Ну давайте,2024-03-10 09:25:34,12
1714,331970,2024-03-10 07:50:24,user,щассс,2024-03-10 09:26:28,12
1718,331970,2024-03-10 07:50:24,user,on otlicno rabotaet,2024-03-10 09:29:44,14
1720,331970,2024-03-10 07:50:24,user,саша,2024-03-10 09:31:55,12
1722,331970,2024-03-10 07:50:24,user,okazat?,2024-03-10 09:33:47,12
1723,331970,2024-03-10 07:50:24,user,спасибо и до встречи,2024-03-10 09:33:55,20
1724,331970,2024-03-10 07:50:24,user,щас,2024-03-10 09:34:10,12
1731,331970,2024-03-10 07:50:24,user,досвидания; 2024-03-10T09:38:40.240Z,2024-03-10 09:38:40,20
1732,331970,2024-03-10 07:50:24,user,poka; 2024-03-10T09:38:42.982Z,2024-03-10 09:38:42,20
1733,331970,2024-03-10 07:50:24,user,poka; 2024-03-10T09:38:44.252Z,2024-03-10 09:38:44,20
1734,331970,2024-03-10 07:50:24,user,пока; 2024-03-10T09:38:47.449Z,2024-03-10 09:38:47,20
1735,331971,2024-03-17 07:00:38,user,vsem privet,2024-03-17 07:52:12,1
1736,331971,2024-03-17 07:00:38,user,првиет,2024-03-17 07:52:42,1
1737,331971,2024-03-17 07:00:38,user,страшна,2024-03-17 08:00:58,12
1738,331971,2024-03-17 07:00:38,user,здрасьте,2024-03-17 08:01:21,1
1739,331971,2024-03-17 07:00:38,user,здравстувуйте,2024-03-17 08:01:23,1
1740,331971,2024-03-17 07:00:38,user,ploxo,2024-03-17 08:02:14,12
1741,331971,2024-03-17 07:00:38,user,волнительно,2024-03-17 08:02:21,12
1742,331971,2024-03-17 07:00:38,user,Грустно последний урок,2024-03-17 08:02:21,12
1743,331971,2024-03-17 07:00:38,user,так себе,2024-03-17 08:02:26,12
1744,331971,2024-03-17 07:00:38,user,xorosaya,2024-03-17 08:02:30,12
1745,331971,2024-03-17 07:00:38,user,плохая погода,2024-03-17 08:02:31,12
1746,331971,2024-03-17 07:00:38,user,погода солнечная немного пасмурно,2024-03-17 08:02:42,12
1748,331971,2024-03-17 07:00:38,user,ocin jarko,2024-03-17 08:02:49,12
1752,331971,2024-03-17 07:00:38,user,теперь да,2024-03-17 08:03:00,12
1755,331971,2024-03-17 07:00:38,user,харош,2024-03-17 08:03:41,14
1756,331971,2024-03-17 07:00:38,user,норм,2024-03-17 08:03:50,12
1757,331971,2024-03-17 07:00:38,user,ya kuca raz ucastvoval v raznix miropriyatey tak sto mne norm,2024-03-17 08:04:20,12
1758,331971,2024-03-17 07:00:38,user,я тож только по урниру по боксу,2024-03-17 08:05:06,12
1760,331971,2024-03-17 07:00:38,user,v skole pel v xore iqral rol starika i kakoqo to malcika,2024-03-17 08:05:19,12
1761,331971,2024-03-17 07:00:38,user,2-3,2024-03-17 08:06:15,12
1762,331971,2024-03-17 07:00:38,user,я знаю,2024-03-17 08:06:48,12
1763,331971,2024-03-17 07:00:38,user,wooow,2024-03-17 08:06:57,12
1764,331971,2024-03-17 07:00:38,user,мы на высоте,2024-03-17 08:07:13,12
1765,331971,2024-03-17 07:00:38,user,aqa,2024-03-17 08:07:22,12
1766,331971,2024-03-17 07:00:38,user,по моем убольше 7 биб,2024-03-17 08:07:26,12
1768,331971,2024-03-17 07:00:38,user,круто хорошо,2024-03-17 08:08:07,14
1774,331971,2024-03-17 07:00:38,user,ааааааааааааааааааааааааааааааааааааааааааааааааааа,2024-03-17 08:09:37,12
1775,331971,2024-03-17 07:00:38,user,ну ок,2024-03-17 08:10:15,12
1776,331971,2024-03-17 07:00:38,user,всем удачи желаю хорошо выступить,2024-03-17 08:10:23,14
1778,331971,2024-03-17 07:00:38,user,oh no,2024-03-17 08:10:49,12
1779,331971,2024-03-17 07:00:38,user,aaaaa u menya komnata ne ubrana sekundu,2024-03-17 08:11:55,12
1781,331971,2024-03-17 07:00:38,user,Ну тогда хорошо попробую,2024-03-17 08:12:33,12
1784,331971,2024-03-17 07:00:38,user,камера врядли,2024-03-17 08:13:35,12
1786,331971,2024-03-17 07:00:38,user,призентацию,2024-03-17 08:14:27,12
1789,331971,2024-03-17 07:00:38,user,можно вопрос,2024-03-17 08:18:50,12
1790,331971,2024-03-17 07:00:38,user,яя,2024-03-17 08:20:53,12
1792,331971,2024-03-17 07:00:38,user,ooooooo,2024-03-17 08:21:25,12
1793,331971,2024-03-17 07:00:38,user,офигеть,2024-03-17 08:21:54,12
1794,331971,2024-03-17 07:00:38,user,правда я,2024-03-17 08:22:48,12
1795,331971,2024-03-17 07:00:38,user,u  menya,2024-03-17 08:23:00,12
1796,331971,2024-03-17 07:00:38,user,Baku,2024-03-17 08:23:14,12
1797,331971,2024-03-17 07:00:38,user,qorid,2024-03-17 08:23:28,12
1798,331971,2024-03-17 07:00:38,user,Азербайджан,2024-03-17 08:24:12,12
1799,331971,2024-03-17 07:00:38,user,nu da,2024-03-17 08:24:30,12
1800,331971,2024-03-17 07:00:38,user,no i solce yest,2024-03-17 08:24:41,12
1801,331971,2024-03-17 07:00:38,user,bomba,2024-03-17 08:25:01,12
1802,331971,2024-03-17 07:00:38,user,Фух я вернулся,2024-03-17 08:26:06,12
1803,331971,2024-03-17 07:00:38,user,наааааагетс,2024-03-17 08:26:21,12
1804,331971,2024-03-17 07:00:38,user,Крутая игра,2024-03-17 08:27:05,14
1805,331971,2024-03-17 07:00:38,user,молодец,2024-03-17 08:27:14,14
1806,331971,2024-03-17 07:00:38,user,ooooooooooo,2024-03-17 08:28:17,12
1808,331971,2024-03-17 07:00:38,user,woooooww,2024-03-17 08:28:23,14
1809,331971,2024-03-17 07:00:38,user,ya obajayu tetris,2024-03-17 08:28:34,12
1810,331971,2024-03-17 07:00:38,user,фууууух,2024-03-17 08:28:50,12
1811,331971,2024-03-17 07:00:38,user,молодец тетрис очень круто,2024-03-17 08:28:51,14
1814,331971,2024-03-17 07:00:38,user,aaaaaaaa ya v cat otpravil,2024-03-17 08:31:39,12
1815,331971,2024-03-17 07:00:38,user,не люблю долгое,2024-03-17 08:33:10,12
1816,331971,2024-03-17 07:00:38,user,я да,2024-03-17 08:35:02,12
1817,331971,2024-03-17 07:00:38,user,Я готов,2024-03-17 08:37:09,12
1818,331971,2024-03-17 07:00:38,user,нагетс,2024-03-17 08:37:23,12
1819,331971,2024-03-17 07:00:38,user,там картинка,2024-03-17 08:37:39,12
1821,331971,2024-03-17 07:00:38,user,не нада,2024-03-17 08:38:08,12
1823,331971,2024-03-17 07:00:38,user,тотем бессмертия,2024-03-17 08:38:45,12
1824,331971,2024-03-17 07:00:38,user,вкусная печенька,2024-03-17 08:40:17,12
1825,331971,2024-03-17 07:00:38,user,Иван вам печенька,2024-03-17 08:40:24,12
1826,331971,2024-03-17 07:00:38,user,ахаа,2024-03-17 08:40:38,12
1827,331971,2024-03-17 07:00:38,user,я забрал,2024-03-17 08:40:46,12
1831,331971,2024-03-17 07:00:38,user,маинкрафт это моя жизнь маинкрааааафт,2024-03-17 08:42:20,12
1835,331971,2024-03-17 07:00:38,user,Я кибербезопасность хочу,2024-03-17 08:43:13,12
1836,331971,2024-03-17 07:00:38,user,люблю выпиливать,2024-03-17 08:43:50,12
1837,331971,2024-03-17 07:00:38,user,lego da,2024-03-17 08:43:53,12
1838,331971,2024-03-17 07:00:38,user,so2,2024-03-17 08:45:48,12
1839,331971,2024-03-17 07:00:38,user,интерестно,2024-03-17 08:46:34,12
1840,331971,2024-03-17 07:00:38,user,mne netu 15,2024-03-17 08:46:47,12
1841,331971,2024-03-17 07:00:38,user,тестер круто,2024-03-17 08:46:48,14
1843,331971,2024-03-17 07:00:38,user,ураааааааааааааааааааааааааааааааааааааааааааааааааааа,2024-03-17 08:48:16,12
1844,331971,2024-03-17 07:00:38,user,ее,2024-03-17 08:48:21,12
1845,331971,2024-03-17 07:00:38,user,круто ураа спасибо,2024-03-17 08:48:28,14
1846,331971,2024-03-17 07:00:38,user,а связи остануться с вами,2024-03-17 08:48:51,12
1848,331971,2024-03-17 07:00:38,user,кстати да,2024-03-17 08:49:01,12
1849,331971,2024-03-17 07:00:38,user,лс,2024-03-17 08:49:19,12
1850,331971,2024-03-17 07:00:38,user,всё???,2024-03-17 08:50:35,12
1851,331971,2024-03-17 07:00:38,user,нееееееееееееееееееееееееееееееееееееет,2024-03-17 08:50:41,12
1852,331971,2024-03-17 07:00:38,user,Спасибо всем за этот болььшой курс который мы прошли вместе,2024-03-17 08:50:49,14
1853,331971,2024-03-17 07:00:38,user,T-T,2024-03-17 08:50:50,12
1854,331971,2024-03-17 07:00:38,user,И тебе спасибо,2024-03-17 08:51:07,14
1855,331971,2024-03-17 07:00:38,user,надеюсь ещё встретимся,2024-03-17 08:51:10,12
1856,331971,2024-03-17 07:00:38,user,go,2024-03-17 08:51:17,12
1857,331971,2024-03-17 07:00:38,user,toqda dc,2024-03-17 08:51:35,12
1858,331971,2024-03-17 07:00:38,user,zzzzz,2024-03-17 08:51:44,12
1859,331971,2024-03-17 07:00:38,user,яяяяяяяя,2024-03-17 08:51:45,12
1860,331971,2024-03-17 07:00:38,user,ну лад,2024-03-17 08:51:52,12
1861,331971,2024-03-17 07:00:38,user,ну чтож тогда до встречи,2024-03-17 08:52:23,12
1862,331971,2024-03-17 07:00:38,user,v vasom,2024-03-17 08:52:28,12
1864,331971,2024-03-17 07:00:38,user,все все?,2024-03-17 08:54:11,12
1865,331971,2024-03-17 07:00:38,user,ок без проблем,2024-03-17 08:54:35,12
1866,331971,2024-03-17 07:00:38,user,оки,2024-03-17 08:54:37,12
1867,331971,2024-03-17 07:00:38,user,qde vsee,2024-03-17 08:55:14,12
1870,331971,2024-03-17 07:00:38,user,пака(; 2024-03-17T08:56:41.904Z,2024-03-17 08:56:41,20
1871,331971,2024-03-17 07:00:38,user,пока; 2024-03-17T08:56:43.376Z,2024-03-17 08:56:43,20
1872,331971,2024-03-17 07:00:38,user,покаа; 2024-03-17T08:56:48.253Z,2024-03-17 08:56:48,20
1878,332007,2024-03-03 08:04:28,user,боты,2024-03-03 09:15:36,12
1879,332007,2024-03-03 08:04:28,user,все прикольно,2024-03-03 09:15:43,12
1880,332007,2024-03-03 08:04:28,user,но боты можно использовать с друзьями,2024-03-03 09:15:58,12
1881,332007,2024-03-03 08:04:28,user,и это прикольно что в дискорде,2024-03-03 09:16:09,12
1882,332007,2024-03-03 08:04:28,user,"если скинете, будет замечательно",2024-03-03 09:17:11,12
1883,332007,2024-03-03 08:04:28,user,игра закончилась на счете 1-1,2024-03-03 09:23:31,12
1885,332007,2024-03-03 08:04:28,user,до свидания; 2024-03-03T09:27:26.610Z,2024-03-03 09:27:26,20
1892,332008,2024-03-10 07:59:28,user,до свидания; 2024-03-10T09:28:13.181Z,2024-03-10 09:28:13,12
1895,332009,2024-03-17 07:58:56,user,просто я с другого пк тут дс нету,2024-03-17 08:09:24,12
1896,332009,2024-03-17 07:58:56,user,я токо скачал,2024-03-17 08:09:30,12
1897,332009,2024-03-17 07:58:56,user,здравствуйте),2024-03-17 08:14:49,12
1898,332009,2024-03-17 07:58:56,user,"я просто послушаю, зашел через телефон(не дома)",2024-03-17 08:15:02,12
1900,332009,2024-03-17 07:58:56,user,оке),2024-03-17 08:17:05,12
1906,332009,2024-03-17 07:58:56,user,дс,2024-03-17 08:22:45,12
1910,332009,2024-03-17 07:58:56,user,коду,2024-03-17 08:27:53,12
1917,332009,2024-03-17 07:58:56,user,пишу,2024-03-17 08:40:48,12
1921,332009,2024-03-17 07:58:56,user,ааааааааааа,2024-03-17 08:42:36,12
1922,332009,2024-03-17 07:58:56,user,яндекс преводчик накосячил,2024-03-17 08:42:46,12
1930,332009,2024-03-17 07:58:56,user,аллилуйя,2024-03-17 09:05:31,12
1936,332009,2024-03-17 07:58:56,user,еще раз,2024-03-17 09:20:45,12
1941,332009,2024-03-17 07:58:56,user,аааа,2024-03-17 09:22:54,12
1942,332009,2024-03-17 07:58:56,user,ну тогда ладно,2024-03-17 09:23:00,12
1943,332009,2024-03-17 07:58:56,user,до свидания; 2024-03-17T09:27:42.297Z,2024-03-17 09:27:42,20
1944,332011,2024-03-31 07:54:52,user,Здравствуйте; 2024-03-31T07:58:54.341Z,2024-03-31 07:58:54,1
1945,332051,2024-03-02 12:50:14,user,мне нежно будет ровно в 17:30 уйти; 2024-03-02T13:56:25.894Z,2024-03-02 13:56:25,20
1946,332051,2024-03-02 12:50:14,user,мне надо идти досвидание; 2024-03-02T14:21:34.930Z,2024-03-02 14:21:34,20
1947,332051,2024-03-02 12:50:14,user,мне пора идти. до свидания; 2024-03-02T14:32:40.757Z,2024-03-02 14:32:40,20
1948,332052,2024-03-09 12:50:43,user,не я с тела уже зашел; 2024-03-09T14:08:05.329Z,2024-03-09 14:08:05,12
1953,332052,2024-03-09 12:50:43,user,через запись  все сделаю,2024-03-09 14:10:03,12
1956,332052,2024-03-09 12:50:43,user,у меня тоже не очень,2024-03-09 14:17:25,12
1957,332052,2024-03-09 12:50:43,user,мне нужно будет через пару минут уходить уже; 2024-03-09T14:18:05.203Z,2024-03-09 14:18:05,20
1958,332053,2024-03-16 12:55:09,user,2; 2024-03-16T13:12:44.020Z,2024-03-16 13:12:44,12
1959,332053,2024-03-16 12:55:09,user,2; 2024-03-16T13:12:52.556Z,2024-03-16 13:12:52,12
1965,332053,2024-03-16 13:48:30,user,https://discord.gg/73CrAT9f; 2024-03-16T14:21:41.786Z,2024-03-16 14:21:41,12
1968,332054,2024-03-23 12:52:10,user,по типу там помочь с примером или узнать там информацию о чём либо,2024-03-23 13:06:24,12
1970,332054,2024-03-23 12:52:10,user,а можно сказать что я буду делать,2024-03-23 13:10:50,12
1971,332054,2024-03-23 12:52:10,user,да; 2024-03-23T13:16:14.578Z,2024-03-23 13:16:14,15
1973,332054,2024-03-23 13:21:40,user,чикс,2024-03-23 13:21:55,12
1974,332054,2024-03-23 13:21:40,user,оке,2024-03-23 13:23:32,12
1975,332054,2024-03-23 13:21:40,user,ща посмотрю,2024-03-23 13:23:36,12
1976,332054,2024-03-23 13:21:40,user,я хз,2024-03-23 13:24:39,12
1977,332054,2024-03-23 13:21:40,user,я начал уже писать,2024-03-23 13:24:45,12
1978,332054,2024-03-23 13:21:40,user,пока тока базу добавил,2024-03-23 13:24:55,12
1979,332054,2024-03-23 13:21:40,user,lfqnt fqlb rfyfkf,2024-03-23 13:29:45,15
1980,332054,2024-03-23 13:21:40,user,дайте айди канала,2024-03-23 13:29:52,12
1982,332054,2024-03-23 13:21:40,user,ты закончил с камень ножницы бумага??,2024-03-23 13:37:19,12
1983,332054,2024-03-23 13:21:40,user,давай делать game2,2024-03-23 13:37:44,12
1984,332054,2024-03-23 13:21:40,user,одному сложно,2024-03-23 13:37:54,12
1985,332054,2024-03-23 13:21:40,user,я могу скинуть,2024-03-23 13:38:41,12
1986,332054,2024-03-23 13:21:40,user,2️⃣,2024-03-23 13:39:06,15
1987,332054,2024-03-23 13:21:40,user,3️⃣; 2024-03-23T13:39:16.067Z,2024-03-23 13:39:16,15
1989,332054,2024-03-23 13:21:43,user,я знаю брат,2024-03-23 13:31:53,12
1990,332054,2024-03-23 13:21:43,user,у меня микро,2024-03-23 13:32:01,12
1991,332054,2024-03-23 13:21:43,user,такое я могу через само микро вырубить его,2024-03-23 13:32:20,12
1993,332054,2024-03-23 13:56:06,user,ща анйду,2024-03-23 13:58:39,12
1994,332054,2024-03-23 13:56:06,user,так я не создал,2024-03-23 13:58:49,12
1995,332054,2024-03-23 13:56:06,user,не я создавал его,2024-03-23 13:58:58,12
1996,332054,2024-03-23 13:56:06,user,это к саиду,2024-03-23 13:59:22,12
1997,332054,2024-03-23 13:56:06,user,я сделал бота,2024-03-23 14:01:02,12
1999,332054,2024-03-23 13:56:06,user,я сделал,2024-03-23 14:03:41,12
2001,332054,2024-03-23 13:56:06,user,ВВП выиграл выборы,2024-03-23 14:03:59,17
2002,332054,2024-03-23 13:56:06,user,Ненавижу Америку,2024-03-23 14:05:59,17
